01-04-2015	BHO	AMD	3613
01-04-2015	BLR	AMD	3782
01-04-2015	BOM	AMD	1481
01-04-2015	CCU	AMD	6710
01-04-2015	DEL	AMD	3010
01-04-2015	HYD	AMD	2792
01-04-2015	LKO	AMD	4482
01-04-2015	VTZ	AMD	8946
01-04-2015	AMD	BHO	4576
01-04-2015	BLR	BHO	7015
01-04-2015	BOM	BHO	2845
01-04-2015	CCU	BHO	8366
01-04-2015	DEL	BHO	3278
01-04-2015	HYD	BHO	4633
01-04-2015	LKO	BHO	4744
01-04-2015	VTZ	BHO	9644
01-04-2015	AMD	BLR	4126
01-04-2015	BHO	BLR	4951
01-04-2015	BOM	BLR	2498
01-04-2015	CCU	BLR	7003
01-04-2015	DEL	BLR	5200
01-04-2015	HYD	BLR	2670
01-04-2015	LKO	BLR	7825
01-04-2015	VTZ	BLR	3593
01-04-2015	AMD	BOM	1644
01-04-2015	BHO	BOM	2700
01-04-2015	BLR	BOM	2869
01-04-2015	CCU	BOM	5699
01-04-2015	DEL	BOM	3951
01-04-2015	HYD	BOM	1827
01-04-2015	LKO	BOM	4921
01-04-2015	VTZ	BOM	4001
01-04-2015	AMD	CCU	6416
01-04-2015	BHO	CCU	7274
01-04-2015	BLR	CCU	7258
01-04-2015	BOM	CCU	5289
01-04-2015	DEL	CCU	5430
01-04-2015	HYD	CCU	5711
01-04-2015	LKO	CCU	5731
01-04-2015	VTZ	CCU	8004
01-04-2015	AMD	DEL	3203
01-04-2015	BHO	DEL	3690
01-04-2015	BLR	DEL	5942
01-04-2015	BOM	DEL	4121
01-04-2015	CCU	DEL	5735
01-04-2015	HYD	DEL	4002
01-04-2015	LKO	DEL	1986
01-04-2015	VTZ	DEL	5540
01-04-2015	AMD	HYD	3427
01-04-2015	BHO	HYD	4903
01-04-2015	BLR	HYD	3010
01-04-2015	BOM	HYD	2248
01-04-2015	CCU	HYD	6163
01-04-2015	DEL	HYD	4338
01-04-2015	LKO	HYD	4576
01-04-2015	VTZ	HYD	2066
01-04-2015	AMD	LKO	5080
01-04-2015	BHO	LKO	5271
01-04-2015	BLR	LKO	7642
01-04-2015	BOM	LKO	5649
01-04-2015	CCU	LKO	4904
01-04-2015	DEL	LKO	1700
01-04-2015	HYD	LKO	5702
01-04-2015	VTZ	LKO	11134
01-04-2015	AMD	VTZ	9494
01-04-2015	BHO	VTZ	9704
01-04-2015	BLR	VTZ	4599
01-04-2015	BOM	VTZ	4661
01-04-2015	CCU	VTZ	8273
01-04-2015	DEL	VTZ	5554
01-04-2015	HYD	VTZ	1889
01-04-2015	LKO	VTZ	8986
02-04-2015	BHO	AMD	4452
02-04-2015	BLR	AMD	4207
02-04-2015	BOM	AMD	1481
02-04-2015	CCU	AMD	6710
02-04-2015	DEL	AMD	3063
02-04-2015	HYD	AMD	3217
02-04-2015	LKO	AMD	4482
02-04-2015	VTZ	AMD	9310
02-04-2015	AMD	BHO	4576
02-04-2015	BLR	BHO	7879
02-04-2015	BOM	BHO	2845
02-04-2015	CCU	BHO	8430
02-04-2015	DEL	BHO	3278
02-04-2015	HYD	BHO	4633
02-04-2015	LKO	BHO	5626
02-04-2015	VTZ	BHO	9644
02-04-2015	AMD	BLR	4126
02-04-2015	BHO	BLR	6809
02-04-2015	BOM	BLR	2935
02-04-2015	CCU	BLR	6949
02-04-2015	DEL	BLR	5200
02-04-2015	HYD	BLR	1800
02-04-2015	LKO	BLR	6791
02-04-2015	VTZ	BLR	2906
02-04-2015	AMD	BOM	1644
02-04-2015	BHO	BOM	4274
02-04-2015	BLR	BOM	2869
02-04-2015	CCU	BOM	5699
02-04-2015	DEL	BOM	4004
02-04-2015	HYD	BOM	1827
02-04-2015	LKO	BOM	4921
02-04-2015	VTZ	BOM	4001
02-04-2015	AMD	CCU	6416
02-04-2015	BHO	CCU	7574
02-04-2015	BLR	CCU	7590
02-04-2015	BOM	CCU	4818
02-04-2015	DEL	CCU	5430
02-04-2015	HYD	CCU	5711
02-04-2015	LKO	CCU	5731
02-04-2015	VTZ	CCU	8004
02-04-2015	AMD	DEL	3153
02-04-2015	BHO	DEL	3166
02-04-2015	BLR	DEL	6586
02-04-2015	BOM	DEL	4121
02-04-2015	CCU	DEL	5735
02-04-2015	HYD	DEL	4091
02-04-2015	LKO	DEL	1937
02-04-2015	VTZ	DEL	5540
02-04-2015	AMD	HYD	3427
02-04-2015	BHO	HYD	5271
02-04-2015	BLR	HYD	3450
02-04-2015	BOM	HYD	2772
02-04-2015	CCU	HYD	6163
02-04-2015	DEL	HYD	4200
02-04-2015	LKO	HYD	5479
02-04-2015	VTZ	HYD	2066
02-04-2015	AMD	LKO	5166
02-04-2015	BHO	LKO	4866
02-04-2015	BLR	LKO	8561
02-04-2015	BOM	LKO	4997
02-04-2015	CCU	LKO	4064
02-04-2015	DEL	LKO	1700
02-04-2015	HYD	LKO	6039
02-04-2015	VTZ	LKO	11134
02-04-2015	AMD	VTZ	9174
02-04-2015	BHO	VTZ	10004
02-04-2015	BLR	VTZ	3701
02-04-2015	BOM	VTZ	5183
02-04-2015	CCU	VTZ	8273
02-04-2015	DEL	VTZ	5554
02-04-2015	HYD	VTZ	1939
02-04-2015	LKO	VTZ	10236
03-04-2015	BHO	AMD	4452
03-04-2015	BLR	AMD	4609
03-04-2015	BOM	AMD	1805
03-04-2015	CCU	AMD	6710
03-04-2015	DEL	AMD	3013
03-04-2015	HYD	AMD	3789
03-04-2015	LKO	AMD	6245
03-04-2015	VTZ	AMD	7372
03-04-2015	AMD	BHO	4576
03-04-2015	BLR	BHO	5209
03-04-2015	BOM	BHO	4609
03-04-2015	CCU	BHO	8430
03-04-2015	DEL	BHO	4097
03-04-2015	HYD	BHO	4633
03-04-2015	LKO	BHO	5626
03-04-2015	VTZ	BHO	9644
03-04-2015	AMD	BLR	3588
03-04-2015	BHO	BLR	4440
03-04-2015	BOM	BLR	1994
03-04-2015	CCU	BLR	6949
03-04-2015	DEL	BLR	5200
03-04-2015	HYD	BLR	2446
03-04-2015	LKO	BLR	7935
03-04-2015	VTZ	BLR	2906
03-04-2015	AMD	BOM	1594
03-04-2015	BHO	BOM	2510
03-04-2015	BLR	BOM	2590
03-04-2015	CCU	BOM	5699
03-04-2015	DEL	BOM	3895
03-04-2015	HYD	BOM	2351
03-04-2015	LKO	BOM	4921
03-04-2015	VTZ	BOM	4422
03-04-2015	AMD	CCU	6496
03-04-2015	BHO	CCU	8011
03-04-2015	BLR	CCU	8455
03-04-2015	BOM	CCU	4821
03-04-2015	DEL	CCU	5430
03-04-2015	HYD	CCU	5661
03-04-2015	LKO	CCU	4003
03-04-2015	VTZ	CCU	7954
03-04-2015	AMD	DEL	3153
03-04-2015	BHO	DEL	3985
03-04-2015	BLR	DEL	6255
03-04-2015	BOM	DEL	4121
03-04-2015	CCU	DEL	5735
03-04-2015	HYD	DEL	4091
03-04-2015	LKO	DEL	1937
03-04-2015	VTZ	DEL	5490
03-04-2015	AMD	HYD	4030
03-04-2015	BHO	HYD	4609
03-04-2015	BLR	HYD	3011
03-04-2015	BOM	HYD	2667
03-04-2015	CCU	HYD	6113
03-04-2015	DEL	HYD	4288
03-04-2015	LKO	HYD	7073
03-04-2015	VTZ	HYD	2066
03-04-2015	AMD	LKO	5413
03-04-2015	BHO	LKO	5271
03-04-2015	BLR	LKO	8337
03-04-2015	BOM	LKO	4997
03-04-2015	CCU	LKO	4014
03-04-2015	DEL	LKO	1700
03-04-2015	HYD	LKO	6291
03-04-2015	VTZ	LKO	11767
03-04-2015	AMD	VTZ	9174
03-04-2015	BHO	VTZ	9384
03-04-2015	BLR	VTZ	3651
03-04-2015	BOM	VTZ	4766
03-04-2015	CCU	VTZ	8223
03-04-2015	DEL	VTZ	5504
03-04-2015	HYD	VTZ	1889
03-04-2015	LKO	VTZ	9735
04-04-2015	BHO	AMD	4452
04-04-2015	BLR	AMD	3729
04-04-2015	BOM	AMD	1691
04-04-2015	CCU	AMD	6710
04-04-2015	DEL	AMD	3010
04-04-2015	HYD	AMD	3789
04-04-2015	LKO	AMD	5745
04-04-2015	VTZ	AMD	8946
04-04-2015	AMD	BHO	4576
04-04-2015	BLR	BHO	4698
04-04-2015	BOM	BHO	2845
04-04-2015	CCU	BHO	8430
04-04-2015	DEL	BHO	4097
04-04-2015	HYD	BHO	4633
04-04-2015	LKO	BHO	5626
04-04-2015	VTZ	BHO	9644
04-04-2015	AMD	BLR	3905
04-04-2015	BHO	BLR	4440
04-04-2015	BOM	BLR	1994
04-04-2015	CCU	BLR	6949
04-04-2015	DEL	BLR	5200
04-04-2015	HYD	BLR	1800
04-04-2015	LKO	BLR	7935
04-04-2015	VTZ	BLR	2906
04-04-2015	AMD	BOM	1594
04-04-2015	BHO	BOM	4274
04-04-2015	BLR	BOM	1924
04-04-2015	CCU	BOM	5744
04-04-2015	DEL	BOM	3895
04-04-2015	HYD	BOM	2355
04-04-2015	LKO	BOM	4921
04-04-2015	VTZ	BOM	4686
04-04-2015	AMD	CCU	6416
04-04-2015	BHO	CCU	6942
04-04-2015	BLR	CCU	6854
04-04-2015	BOM	CCU	4821
04-04-2015	DEL	CCU	5430
04-04-2015	HYD	CCU	5661
04-04-2015	LKO	CCU	5681
04-04-2015	VTZ	CCU	7954
04-04-2015	AMD	DEL	3150
04-04-2015	BHO	DEL	3985
04-04-2015	BLR	DEL	5942
04-04-2015	BOM	DEL	4121
04-04-2015	CCU	DEL	5735
04-04-2015	HYD	DEL	4002
04-04-2015	LKO	DEL	1937
04-04-2015	VTZ	DEL	5490
04-04-2015	AMD	HYD	3427
04-04-2015	BHO	HYD	4929
04-04-2015	BLR	HYD	2961
04-04-2015	BOM	HYD	2300
04-04-2015	CCU	HYD	6113
04-04-2015	DEL	HYD	3805
04-04-2015	LKO	HYD	5479
04-04-2015	VTZ	HYD	2072
04-04-2015	AMD	LKO	5413
04-04-2015	BHO	LKO	5271
04-04-2015	BLR	LKO	6921
04-04-2015	BOM	LKO	4997
04-04-2015	CCU	LKO	3699
04-04-2015	DEL	LKO	1651
04-04-2015	HYD	LKO	5702
04-04-2015	VTZ	LKO	11134
04-04-2015	AMD	VTZ	9494
04-04-2015	BHO	VTZ	9704
04-04-2015	BLR	VTZ	3014
04-04-2015	BOM	VTZ	4665
04-04-2015	CCU	VTZ	8223
04-04-2015	DEL	VTZ	5504
04-04-2015	HYD	VTZ	1889
04-04-2015	LKO	VTZ	9735
05-04-2015	BHO	AMD	4452
05-04-2015	BLR	AMD	4311
05-04-2015	BOM	AMD	1481
05-04-2015	CCU	AMD	6710
05-04-2015	DEL	AMD	3013
05-04-2015	HYD	AMD	4299
05-04-2015	LKO	AMD	9039
05-04-2015	VTZ	AMD	9619
05-04-2015	AMD	BHO	4576
05-04-2015	BLR	BHO	9464
05-04-2015	BOM	BHO	2845
05-04-2015	CCU	BHO	10097
05-04-2015	DEL	BHO	3802
05-04-2015	HYD	BHO	4633
05-04-2015	LKO	BHO	7882
05-04-2015	VTZ	BHO	9901
05-04-2015	AMD	BLR	6539
05-04-2015	BHO	BLR	7674
05-04-2015	BOM	BLR	1999
05-04-2015	CCU	BLR	10374
05-04-2015	DEL	BLR	5204
05-04-2015	HYD	BLR	2981
05-04-2015	LKO	BLR	12136
05-04-2015	VTZ	BLR	4467
05-04-2015	AMD	BOM	2092
05-04-2015	BHO	BOM	4274
05-04-2015	BLR	BOM	1924
05-04-2015	CCU	BOM	10416
05-04-2015	DEL	BOM	4200
05-04-2015	HYD	BOM	2355
05-04-2015	LKO	BOM	9057
05-04-2015	VTZ	BOM	7365
05-04-2015	AMD	CCU	6496
05-04-2015	BHO	CCU	6942
05-04-2015	BLR	CCU	6854
05-04-2015	BOM	CCU	4821
05-04-2015	DEL	CCU	5430
05-04-2015	HYD	CCU	6789
05-04-2015	LKO	CCU	5681
05-04-2015	VTZ	CCU	7954
05-04-2015	AMD	DEL	3258
05-04-2015	BHO	DEL	3985
05-04-2015	BLR	DEL	6255
05-04-2015	BOM	DEL	4423
05-04-2015	CCU	DEL	7975
05-04-2015	HYD	DEL	4546
05-04-2015	LKO	DEL	5595
05-04-2015	VTZ	DEL	6491
05-04-2015	AMD	HYD	4135
05-04-2015	BHO	HYD	4929
05-04-2015	BLR	HYD	2961
05-04-2015	BOM	HYD	2300
05-04-2015	CCU	HYD	6113
05-04-2015	DEL	HYD	4288
05-04-2015	LKO	HYD	10191
05-04-2015	VTZ	HYD	2072
05-04-2015	AMD	LKO	5468
05-04-2015	BHO	LKO	5271
05-04-2015	BLR	LKO	6921
05-04-2015	BOM	LKO	4997
05-04-2015	CCU	LKO	5692
05-04-2015	DEL	LKO	1700
05-04-2015	HYD	LKO	7735
05-04-2015	VTZ	LKO	11767
05-04-2015	AMD	VTZ	9494
05-04-2015	BHO	VTZ	9704
05-04-2015	BLR	VTZ	3014
05-04-2015	BOM	VTZ	4665
05-04-2015	CCU	VTZ	8223
05-04-2015	DEL	VTZ	5504
05-04-2015	HYD	VTZ	1889
05-04-2015	LKO	VTZ	14698
06-04-2015	BHO	AMD	4452
06-04-2015	BLR	AMD	4647
06-04-2015	BOM	AMD	1481
06-04-2015	CCU	AMD	6710
06-04-2015	DEL	AMD	3013
06-04-2015	HYD	AMD	4261
06-04-2015	LKO	AMD	5748
06-04-2015	VTZ	AMD	8946
06-04-2015	AMD	BHO	4576
06-04-2015	BLR	BHO	5529
06-04-2015	BOM	BHO	3559
06-04-2015	CCU	BHO	8366
06-04-2015	DEL	BHO	3278
06-04-2015	HYD	BHO	4660
06-04-2015	LKO	BHO	5101
06-04-2015	VTZ	BHO	9528
06-04-2015	AMD	BLR	4529
06-04-2015	BHO	BLR	4951
06-04-2015	BOM	BLR	2935
06-04-2015	CCU	BLR	7692
06-04-2015	DEL	BLR	5200
06-04-2015	HYD	BLR	2446
06-04-2015	LKO	BLR	7935
06-04-2015	VTZ	BLR	4467
06-04-2015	AMD	BOM	1594
06-04-2015	BHO	BOM	4274
06-04-2015	BLR	BOM	2538
06-04-2015	CCU	BOM	5744
06-04-2015	DEL	BOM	3895
06-04-2015	HYD	BOM	2456
06-04-2015	LKO	BOM	4921
06-04-2015	VTZ	BOM	4622
06-04-2015	AMD	CCU	6496
06-04-2015	BHO	CCU	7940
06-04-2015	BLR	CCU	8455
06-04-2015	BOM	CCU	4799
06-04-2015	DEL	CCU	4904
06-04-2015	HYD	CCU	5762
06-04-2015	LKO	CCU	5681
06-04-2015	VTZ	CCU	6799
06-04-2015	AMD	DEL	3153
06-04-2015	BHO	DEL	3985
06-04-2015	BLR	DEL	5274
06-04-2015	BOM	DEL	4121
06-04-2015	CCU	DEL	5735
06-04-2015	HYD	DEL	4002
06-04-2015	LKO	DEL	2735
06-04-2015	VTZ	DEL	5490
06-04-2015	AMD	HYD	4145
06-04-2015	BHO	HYD	4746
06-04-2015	BLR	HYD	2800
06-04-2015	BOM	HYD	2551
06-04-2015	CCU	HYD	6113
06-04-2015	DEL	HYD	3805
06-04-2015	LKO	HYD	5626
06-04-2015	VTZ	HYD	2066
06-04-2015	AMD	LKO	5413
06-04-2015	BHO	LKO	4746
06-04-2015	BLR	LKO	7911
06-04-2015	BOM	LKO	4997
06-04-2015	CCU	LKO	4854
06-04-2015	DEL	LKO	1700
06-04-2015	HYD	LKO	5702
06-04-2015	VTZ	LKO	10788
06-04-2015	AMD	VTZ	9058
06-04-2015	BHO	VTZ	9588
06-04-2015	BLR	VTZ	3014
06-04-2015	BOM	VTZ	5396
06-04-2015	CCU	VTZ	7068
06-04-2015	DEL	VTZ	5504
06-04-2015	HYD	VTZ	1889
06-04-2015	LKO	VTZ	9735
07-04-2015	BHO	AMD	4137
07-04-2015	BLR	AMD	3724
07-04-2015	BOM	AMD	1481
07-04-2015	CCU	AMD	6710
07-04-2015	DEL	AMD	3010
07-04-2015	HYD	AMD	3684
07-04-2015	LKO	AMD	5745
07-04-2015	VTZ	AMD	7340
07-04-2015	AMD	BHO	4162
07-04-2015	BLR	BHO	4698
07-04-2015	BOM	BHO	2845
07-04-2015	CCU	BHO	8359
07-04-2015	DEL	BHO	3802
07-04-2015	HYD	BHO	4633
07-04-2015	LKO	BHO	5101
07-04-2015	VTZ	BHO	9528
07-04-2015	AMD	BLR	3588
07-04-2015	BHO	BLR	5218
07-04-2015	BOM	BLR	1994
07-04-2015	CCU	BLR	6949
07-04-2015	DEL	BLR	5200
07-04-2015	HYD	BLR	1800
07-04-2015	LKO	BLR	8097
07-04-2015	VTZ	BLR	3539
07-04-2015	AMD	BOM	1594
07-04-2015	BHO	BOM	3224
07-04-2015	BLR	BOM	1919
07-04-2015	CCU	BOM	5744
07-04-2015	DEL	BOM	3895
07-04-2015	HYD	BOM	1979
07-04-2015	LKO	BOM	4921
07-04-2015	VTZ	BOM	4421
07-04-2015	AMD	CCU	6416
07-04-2015	BHO	CCU	7940
07-04-2015	BLR	CCU	6788
07-04-2015	BOM	CCU	4799
07-04-2015	DEL	CCU	5430
07-04-2015	HYD	CCU	5661
07-04-2015	LKO	CCU	4003
07-04-2015	VTZ	CCU	6799
07-04-2015	AMD	DEL	3153
07-04-2015	BHO	DEL	3985
07-04-2015	BLR	DEL	5001
07-04-2015	BOM	DEL	4121
07-04-2015	CCU	DEL	5735
07-04-2015	HYD	DEL	4002
07-04-2015	LKO	DEL	1937
07-04-2015	VTZ	DEL	5490
07-04-2015	AMD	HYD	3427
07-04-2015	BHO	HYD	4746
07-04-2015	BLR	HYD	2525
07-04-2015	BOM	HYD	2300
07-04-2015	CCU	HYD	6113
07-04-2015	DEL	HYD	3805
07-04-2015	LKO	HYD	6540
07-04-2015	VTZ	HYD	2066
07-04-2015	AMD	LKO	5166
07-04-2015	BHO	LKO	4746
07-04-2015	BLR	LKO	6921
07-04-2015	BOM	LKO	4997
07-04-2015	CCU	LKO	3699
07-04-2015	DEL	LKO	1700
07-04-2015	HYD	LKO	5702
07-04-2015	VTZ	LKO	10788
07-04-2015	AMD	VTZ	9024
07-04-2015	BHO	VTZ	9268
07-04-2015	BLR	VTZ	3014
07-04-2015	BOM	VTZ	4766
07-04-2015	CCU	VTZ	7068
07-04-2015	DEL	VTZ	5504
07-04-2015	HYD	VTZ	1889
07-04-2015	LKO	VTZ	9735
08-04-2015	BHO	AMD	4137
08-04-2015	BLR	AMD	3724
08-04-2015	BOM	AMD	1481
08-04-2015	CCU	AMD	6710
08-04-2015	DEL	AMD	3010
08-04-2015	HYD	AMD	3474
08-04-2015	LKO	AMD	5745
08-04-2015	VTZ	AMD	8946
08-04-2015	AMD	BHO	4870
08-04-2015	BLR	BHO	6462
08-04-2015	BOM	BHO	3035
08-04-2015	CCU	BHO	8430
08-04-2015	DEL	BHO	3278
08-04-2015	HYD	BHO	4633
08-04-2015	LKO	BHO	5101
08-04-2015	VTZ	BHO	9528
08-04-2015	AMD	BLR	3588
08-04-2015	BHO	BLR	4440
08-04-2015	BOM	BLR	1994
08-04-2015	CCU	BLR	5123
08-04-2015	DEL	BLR	5200
08-04-2015	HYD	BLR	1936
08-04-2015	LKO	BLR	7935
08-04-2015	VTZ	BLR	2906
08-04-2015	AMD	BOM	1594
08-04-2015	BHO	BOM	2510
08-04-2015	BLR	BOM	1919
08-04-2015	CCU	BOM	5744
08-04-2015	DEL	BOM	3895
08-04-2015	HYD	BOM	1979
08-04-2015	LKO	BOM	4921
08-04-2015	VTZ	BOM	4421
08-04-2015	AMD	CCU	6416
08-04-2015	BHO	CCU	7940
08-04-2015	BLR	CCU	6788
08-04-2015	BOM	CCU	4802
08-04-2015	DEL	CCU	5430
08-04-2015	HYD	CCU	5661
08-04-2015	LKO	CCU	4003
08-04-2015	VTZ	CCU	6799
08-04-2015	AMD	DEL	3150
08-04-2015	BHO	DEL	3985
08-04-2015	BLR	DEL	5274
08-04-2015	BOM	DEL	4121
08-04-2015	CCU	DEL	5735
08-04-2015	HYD	DEL	3608
08-04-2015	LKO	DEL	2735
08-04-2015	VTZ	DEL	5490
08-04-2015	AMD	HYD	3427
08-04-2015	BHO	HYD	4746
08-04-2015	BLR	HYD	2525
08-04-2015	BOM	HYD	2300
08-04-2015	CCU	HYD	6113
08-04-2015	DEL	HYD	3805
08-04-2015	LKO	HYD	6934
08-04-2015	VTZ	HYD	2066
08-04-2015	AMD	LKO	5499
08-04-2015	BHO	LKO	4746
08-04-2015	BLR	LKO	6916
08-04-2015	BOM	LKO	4997
08-04-2015	CCU	LKO	3699
08-04-2015	DEL	LKO	2349
08-04-2015	HYD	LKO	6553
08-04-2015	VTZ	LKO	11298
08-04-2015	AMD	VTZ	9196
08-04-2015	BHO	VTZ	9588
08-04-2015	BLR	VTZ	3014
08-04-2015	BOM	VTZ	4189
08-04-2015	CCU	VTZ	7068
08-04-2015	DEL	VTZ	5504
08-04-2015	HYD	VTZ	1889
08-04-2015	LKO	VTZ	9735
09-04-2015	BHO	AMD	4347
09-04-2015	BLR	AMD	3724
09-04-2015	BOM	AMD	1481
09-04-2015	CCU	AMD	6710
09-04-2015	DEL	AMD	3013
09-04-2015	HYD	AMD	3474
09-04-2015	LKO	AMD	5748
09-04-2015	VTZ	AMD	7340
09-04-2015	AMD	BHO	4576
09-04-2015	BLR	BHO	4698
09-04-2015	BOM	BHO	4609
09-04-2015	CCU	BHO	7841
09-04-2015	DEL	BHO	3278
09-04-2015	HYD	BHO	4660
09-04-2015	LKO	BHO	5101
09-04-2015	VTZ	BHO	9528
09-04-2015	AMD	BLR	3588
09-04-2015	BHO	BLR	4440
09-04-2015	BOM	BLR	1994
09-04-2015	CCU	BLR	5123
09-04-2015	DEL	BLR	5200
09-04-2015	HYD	BLR	1800
09-04-2015	LKO	BLR	7923
09-04-2015	VTZ	BLR	2906
09-04-2015	AMD	BOM	1594
09-04-2015	BHO	BOM	3224
09-04-2015	BLR	BOM	1919
09-04-2015	CCU	BOM	5744
09-04-2015	DEL	BOM	3895
09-04-2015	HYD	BOM	1979
09-04-2015	LKO	BOM	4921
09-04-2015	VTZ	BOM	4421
09-04-2015	AMD	CCU	6416
09-04-2015	BHO	CCU	7422
09-04-2015	BLR	CCU	6788
09-04-2015	BOM	CCU	4802
09-04-2015	DEL	CCU	5430
09-04-2015	HYD	CCU	5661
09-04-2015	LKO	CCU	4003
09-04-2015	VTZ	CCU	6799
09-04-2015	AMD	DEL	3153
09-04-2015	BHO	DEL	3166
09-04-2015	BLR	DEL	5274
09-04-2015	BOM	DEL	4121
09-04-2015	CCU	DEL	5735
09-04-2015	HYD	DEL	3608
09-04-2015	LKO	DEL	2735
09-04-2015	VTZ	DEL	5490
09-04-2015	AMD	HYD	3427
09-04-2015	BHO	HYD	4746
09-04-2015	BLR	HYD	2227
09-04-2015	BOM	HYD	2198
09-04-2015	CCU	HYD	6113
09-04-2015	DEL	HYD	3805
09-04-2015	LKO	HYD	6785
09-04-2015	VTZ	HYD	2066
09-04-2015	AMD	LKO	5080
09-04-2015	BHO	LKO	4746
09-04-2015	BLR	LKO	6921
09-04-2015	BOM	LKO	4997
09-04-2015	CCU	LKO	3699
09-04-2015	DEL	LKO	1700
09-04-2015	HYD	LKO	6291
09-04-2015	VTZ	LKO	10788
09-04-2015	AMD	VTZ	9058
09-04-2015	BHO	VTZ	9588
09-04-2015	BLR	VTZ	3459
09-04-2015	BOM	VTZ	4087
09-04-2015	CCU	VTZ	7068
09-04-2015	DEL	VTZ	5504
09-04-2015	HYD	VTZ	1889
09-04-2015	LKO	VTZ	9735
10-04-2015	BHO	AMD	4452
10-04-2015	BLR	AMD	3729
10-04-2015	BOM	AMD	1691
10-04-2015	CCU	AMD	6710
10-04-2015	DEL	AMD	3013
10-04-2015	HYD	AMD	3474
10-04-2015	LKO	AMD	6435
10-04-2015	VTZ	AMD	9452
10-04-2015	AMD	BHO	4576
10-04-2015	BLR	BHO	4698
10-04-2015	BOM	BHO	4609
10-04-2015	CCU	BHO	8430
10-04-2015	DEL	BHO	3278
10-04-2015	HYD	BHO	4633
10-04-2015	LKO	BHO	5101
10-04-2015	VTZ	BHO	9528
10-04-2015	AMD	BLR	3593
10-04-2015	BHO	BLR	4440
10-04-2015	BOM	BLR	1994
10-04-2015	CCU	BLR	5123
10-04-2015	DEL	BLR	5200
10-04-2015	HYD	BLR	1936
10-04-2015	LKO	BLR	7825
10-04-2015	VTZ	BLR	2906
10-04-2015	AMD	BOM	1594
10-04-2015	BHO	BOM	4274
10-04-2015	BLR	BOM	1924
10-04-2015	CCU	BOM	5744
10-04-2015	DEL	BOM	3895
10-04-2015	HYD	BOM	1979
10-04-2015	LKO	BOM	4921
10-04-2015	VTZ	BOM	4421
10-04-2015	AMD	CCU	6416
10-04-2015	BHO	CCU	7422
10-04-2015	BLR	CCU	7590
10-04-2015	BOM	CCU	5289
10-04-2015	DEL	CCU	5430
10-04-2015	HYD	CCU	5661
10-04-2015	LKO	CCU	4003
10-04-2015	VTZ	CCU	6799
10-04-2015	AMD	DEL	3153
10-04-2015	BHO	DEL	3166
10-04-2015	BLR	DEL	5942
10-04-2015	BOM	DEL	4121
10-04-2015	CCU	DEL	5735
10-04-2015	HYD	DEL	4091
10-04-2015	LKO	DEL	2735
10-04-2015	VTZ	DEL	5490
10-04-2015	AMD	HYD	3894
10-04-2015	BHO	HYD	4609
10-04-2015	BLR	HYD	2525
10-04-2015	BOM	HYD	2300
10-04-2015	CCU	HYD	6113
10-04-2015	DEL	HYD	3805
10-04-2015	LKO	HYD	5479
10-04-2015	VTZ	HYD	2066
10-04-2015	AMD	LKO	4853
10-04-2015	BHO	LKO	4746
10-04-2015	BLR	LKO	7624
10-04-2015	BOM	LKO	5700
10-04-2015	CCU	LKO	4854
10-04-2015	DEL	LKO	1700
10-04-2015	HYD	LKO	6039
10-04-2015	VTZ	LKO	10788
10-04-2015	AMD	VTZ	9058
10-04-2015	BHO	VTZ	9268
10-04-2015	BLR	VTZ	3459
10-04-2015	BOM	VTZ	4665
10-04-2015	CCU	VTZ	7068
10-04-2015	DEL	VTZ	6504
10-04-2015	HYD	VTZ	1889
10-04-2015	LKO	VTZ	9735
11-04-2015	BHO	AMD	4452
11-04-2015	BLR	AMD	3979
11-04-2015	BOM	AMD	1691
11-04-2015	CCU	AMD	6710
11-04-2015	DEL	AMD	3010
11-04-2015	HYD	AMD	3474
11-04-2015	LKO	AMD	5745
11-04-2015	VTZ	AMD	9310
11-04-2015	AMD	BHO	4870
11-04-2015	BLR	BHO	5209
11-04-2015	BOM	BHO	2845
11-04-2015	CCU	BHO	7841
11-04-2015	DEL	BHO	3802
11-04-2015	HYD	BHO	4660
11-04-2015	LKO	BHO	5101
11-04-2015	VTZ	BHO	9644
11-04-2015	AMD	BLR	3593
11-04-2015	BHO	BLR	4440
11-04-2015	BOM	BLR	1999
11-04-2015	CCU	BLR	5123
11-04-2015	DEL	BLR	5200
11-04-2015	HYD	BLR	1936
11-04-2015	LKO	BLR	7923
11-04-2015	VTZ	BLR	2906
11-04-2015	AMD	BOM	1594
11-04-2015	BHO	BOM	4274
11-04-2015	BLR	BOM	1924
11-04-2015	CCU	BOM	5744
11-04-2015	DEL	BOM	3895
11-04-2015	HYD	BOM	2351
11-04-2015	LKO	BOM	4921
11-04-2015	VTZ	BOM	4427
11-04-2015	AMD	CCU	6416
11-04-2015	BHO	CCU	7940
11-04-2015	BLR	CCU	7590
11-04-2015	BOM	CCU	4802
11-04-2015	DEL	CCU	5430
11-04-2015	HYD	CCU	5661
11-04-2015	LKO	CCU	4003
11-04-2015	VTZ	CCU	6799
11-04-2015	AMD	DEL	3153
11-04-2015	BHO	DEL	3166
11-04-2015	BLR	DEL	5274
11-04-2015	BOM	DEL	4121
11-04-2015	CCU	DEL	5735
11-04-2015	HYD	DEL	3608
11-04-2015	LKO	DEL	2735
11-04-2015	VTZ	DEL	5490
11-04-2015	AMD	HYD	4030
11-04-2015	BHO	HYD	4746
11-04-2015	BLR	HYD	2646
11-04-2015	BOM	HYD	2300
11-04-2015	CCU	HYD	6113
11-04-2015	DEL	HYD	3805
11-04-2015	LKO	HYD	6785
11-04-2015	VTZ	HYD	2072
11-04-2015	AMD	LKO	5413
11-04-2015	BHO	LKO	4746
11-04-2015	BLR	LKO	7874
11-04-2015	BOM	LKO	5700
11-04-2015	CCU	LKO	3699
11-04-2015	DEL	LKO	1700
11-04-2015	HYD	LKO	6557
11-04-2015	VTZ	LKO	10788
11-04-2015	AMD	VTZ	9378
11-04-2015	BHO	VTZ	9588
11-04-2015	BLR	VTZ	3014
11-04-2015	BOM	VTZ	4189
11-04-2015	CCU	VTZ	7068
11-04-2015	DEL	VTZ	5504
11-04-2015	HYD	VTZ	1889
11-04-2015	LKO	VTZ	9735
12-04-2015	BHO	AMD	4452
12-04-2015	BLR	AMD	3729
12-04-2015	BOM	AMD	1691
12-04-2015	CCU	AMD	6710
12-04-2015	DEL	AMD	3013
12-04-2015	HYD	AMD	3474
12-04-2015	LKO	AMD	5788
12-04-2015	VTZ	AMD	7850
12-04-2015	AMD	BHO	4162
12-04-2015	BLR	BHO	6263
12-04-2015	BOM	BHO	2845
12-04-2015	CCU	BHO	7211
12-04-2015	DEL	BHO	3278
12-04-2015	HYD	BHO	4633
12-04-2015	LKO	BHO	5101
12-04-2015	VTZ	BHO	9644
12-04-2015	AMD	BLR	3593
12-04-2015	BHO	BLR	4440
12-04-2015	BOM	BLR	1999
12-04-2015	CCU	BLR	5123
12-04-2015	DEL	BLR	5045
12-04-2015	HYD	BLR	1936
12-04-2015	LKO	BLR	7935
12-04-2015	VTZ	BLR	3499
12-04-2015	AMD	BOM	1594
12-04-2015	BHO	BOM	4274
12-04-2015	BLR	BOM	1924
12-04-2015	CCU	BOM	5744
12-04-2015	DEL	BOM	3115
12-04-2015	HYD	BOM	1979
12-04-2015	LKO	BOM	4921
12-04-2015	VTZ	BOM	4423
12-04-2015	AMD	CCU	6416
12-04-2015	BHO	CCU	6792
12-04-2015	BLR	CCU	6854
12-04-2015	BOM	CCU	4802
12-04-2015	DEL	CCU	5430
12-04-2015	HYD	CCU	5661
12-04-2015	LKO	CCU	4003
12-04-2015	VTZ	CCU	6799
12-04-2015	AMD	DEL	3153
12-04-2015	BHO	DEL	3166
12-04-2015	BLR	DEL	5274
12-04-2015	BOM	DEL	4121
12-04-2015	CCU	DEL	5211
12-04-2015	HYD	DEL	4002
12-04-2015	LKO	DEL	2735
12-04-2015	VTZ	DEL	6929
12-04-2015	AMD	HYD	3427
12-04-2015	BHO	HYD	4746
12-04-2015	BLR	HYD	2646
12-04-2015	BOM	HYD	2300
12-04-2015	CCU	HYD	6113
12-04-2015	DEL	HYD	3805
12-04-2015	LKO	HYD	6785
12-04-2015	VTZ	HYD	2072
12-04-2015	AMD	LKO	4853
12-04-2015	BHO	LKO	4746
12-04-2015	BLR	LKO	7352
12-04-2015	BOM	LKO	5700
12-04-2015	CCU	LKO	4014
12-04-2015	DEL	LKO	1700
12-04-2015	HYD	LKO	5702
12-04-2015	VTZ	LKO	10788
12-04-2015	AMD	VTZ	9378
12-04-2015	BHO	VTZ	9588
12-04-2015	BLR	VTZ	3014
12-04-2015	BOM	VTZ	4665
12-04-2015	CCU	VTZ	7068
12-04-2015	DEL	VTZ	5504
12-04-2015	HYD	VTZ	1889
12-04-2015	LKO	VTZ	9735
13-04-2015	BHO	AMD	4064
13-04-2015	BLR	AMD	3451
13-04-2015	BOM	AMD	1481
13-04-2015	CCU	AMD	6710
13-04-2015	DEL	AMD	3010
13-04-2015	HYD	AMD	3474
13-04-2015	LKO	AMD	4996
13-04-2015	VTZ	AMD	7340
13-04-2015	AMD	BHO	4188
13-04-2015	BLR	BHO	4698
13-04-2015	BOM	BHO	3035
13-04-2015	CCU	BHO	7033
13-04-2015	DEL	BHO	3278
13-04-2015	HYD	BHO	3978
13-04-2015	LKO	BHO	4419
13-04-2015	VTZ	BHO	8846
13-04-2015	AMD	BLR	3588
13-04-2015	BHO	BLR	4440
13-04-2015	BOM	BLR	1994
13-04-2015	CCU	BLR	5123
13-04-2015	DEL	BLR	5045
13-04-2015	HYD	BLR	2446
13-04-2015	LKO	BLR	7834
13-04-2015	VTZ	BLR	2906
13-04-2015	AMD	BOM	1594
13-04-2015	BHO	BOM	4064
13-04-2015	BLR	BOM	1924
13-04-2015	CCU	BOM	4824
13-04-2015	DEL	BOM	3045
13-04-2015	HYD	BOM	1979
13-04-2015	LKO	BOM	4921
13-04-2015	VTZ	BOM	4423
13-04-2015	AMD	CCU	6496
13-04-2015	BHO	CCU	6614
13-04-2015	BLR	CCU	4962
13-04-2015	BOM	CCU	4802
13-04-2015	DEL	CCU	4800
13-04-2015	HYD	CCU	5661
13-04-2015	LKO	CCU	4003
13-04-2015	VTZ	CCU	4585
13-04-2015	AMD	DEL	3083
13-04-2015	BHO	DEL	3166
13-04-2015	BLR	DEL	4962
13-04-2015	BOM	DEL	3265
13-04-2015	CCU	DEL	5135
13-04-2015	HYD	DEL	3608
13-04-2015	LKO	DEL	1985
13-04-2015	VTZ	DEL	5490
13-04-2015	AMD	HYD	3792
13-04-2015	BHO	HYD	4064
13-04-2015	BLR	HYD	2525
13-04-2015	BOM	HYD	2198
13-04-2015	CCU	HYD	6113
13-04-2015	DEL	HYD	4199
13-04-2015	LKO	HYD	5524
13-04-2015	VTZ	HYD	2072
13-04-2015	AMD	LKO	4765
13-04-2015	BHO	LKO	3864
13-04-2015	BLR	LKO	6974
13-04-2015	BOM	LKO	4997
13-04-2015	CCU	LKO	3699
13-04-2015	DEL	LKO	1700
13-04-2015	HYD	LKO	5038
13-04-2015	VTZ	LKO	8899
13-04-2015	AMD	VTZ	8305
13-04-2015	BHO	VTZ	8859
13-04-2015	BLR	VTZ	3014
13-04-2015	BOM	VTZ	4665
13-04-2015	CCU	VTZ	7033
13-04-2015	DEL	VTZ	5504
13-04-2015	HYD	VTZ	1889
13-04-2015	LKO	VTZ	9181
14-04-2015	BHO	AMD	4064
14-04-2015	BLR	AMD	3451
14-04-2015	BOM	AMD	1481
14-04-2015	CCU	AMD	6710
14-04-2015	DEL	AMD	3013
14-04-2015	HYD	AMD	2792
14-04-2015	LKO	AMD	4482
14-04-2015	VTZ	AMD	8497
14-04-2015	AMD	BHO	4162
14-04-2015	BLR	BHO	4698
14-04-2015	BOM	BHO	3035
14-04-2015	CCU	BHO	7033
14-04-2015	DEL	BHO	3278
14-04-2015	HYD	BHO	4345
14-04-2015	LKO	BHO	4219
14-04-2015	VTZ	BHO	9009
14-04-2015	AMD	BLR	3588
14-04-2015	BHO	BLR	5223
14-04-2015	BOM	BLR	1994
14-04-2015	CCU	BLR	6949
14-04-2015	DEL	BLR	5200
14-04-2015	HYD	BLR	1800
14-04-2015	LKO	BLR	7825
14-04-2015	VTZ	BLR	2906
14-04-2015	AMD	BOM	1594
14-04-2015	BHO	BOM	3224
14-04-2015	BLR	BOM	1924
14-04-2015	CCU	BOM	4824
14-04-2015	DEL	BOM	3045
14-04-2015	HYD	BOM	1777
14-04-2015	LKO	BOM	4921
14-04-2015	VTZ	BOM	3951
14-04-2015	AMD	CCU	6496
14-04-2015	BHO	CCU	6614
14-04-2015	BLR	CCU	6788
14-04-2015	BOM	CCU	4802
14-04-2015	DEL	CCU	4800
14-04-2015	HYD	CCU	5661
14-04-2015	LKO	CCU	4003
14-04-2015	VTZ	CCU	4585
14-04-2015	AMD	DEL	3083
14-04-2015	BHO	DEL	3166
14-04-2015	BLR	DEL	5001
14-04-2015	BOM	DEL	3265
14-04-2015	CCU	DEL	5135
14-04-2015	HYD	DEL	3608
14-04-2015	LKO	DEL	1985
14-04-2015	VTZ	DEL	5490
14-04-2015	AMD	HYD	3427
14-04-2015	BHO	HYD	4064
14-04-2015	BLR	HYD	2227
14-04-2015	BOM	HYD	2198
14-04-2015	CCU	HYD	6113
14-04-2015	DEL	HYD	3805
14-04-2015	LKO	HYD	5479
14-04-2015	VTZ	HYD	2072
14-04-2015	AMD	LKO	4821
14-04-2015	BHO	LKO	4064
14-04-2015	BLR	LKO	6921
14-04-2015	BOM	LKO	4997
14-04-2015	CCU	LKO	3699
14-04-2015	DEL	LKO	1700
14-04-2015	HYD	LKO	5702
14-04-2015	VTZ	LKO	8899
14-04-2015	AMD	VTZ	8305
14-04-2015	BHO	VTZ	9868
14-04-2015	BLR	VTZ	3014
14-04-2015	BOM	VTZ	4308
14-04-2015	CCU	VTZ	4854
14-04-2015	DEL	VTZ	5504
14-04-2015	HYD	VTZ	1938
14-04-2015	LKO	VTZ	9614
15-04-2015	BHO	AMD	4452
15-04-2015	BLR	AMD	3729
15-04-2015	BOM	AMD	1481
15-04-2015	CCU	AMD	6710
15-04-2015	DEL	AMD	3013
15-04-2015	HYD	AMD	3684
15-04-2015	LKO	AMD	5311
15-04-2015	VTZ	AMD	8512
15-04-2015	AMD	BHO	4162
15-04-2015	BLR	BHO	4698
15-04-2015	BOM	BHO	3035
15-04-2015	CCU	BHO	7211
15-04-2015	DEL	BHO	3278
15-04-2015	HYD	BHO	4817
15-04-2015	LKO	BHO	5526
15-04-2015	VTZ	BHO	8846
15-04-2015	AMD	BLR	3588
15-04-2015	BHO	BLR	4440
15-04-2015	BOM	BLR	1994
15-04-2015	CCU	BLR	6949
15-04-2015	DEL	BLR	5045
15-04-2015	HYD	BLR	1882
15-04-2015	LKO	BLR	7834
15-04-2015	VTZ	BLR	2906
15-04-2015	AMD	BOM	1594
15-04-2015	BHO	BOM	4064
15-04-2015	BLR	BOM	1924
15-04-2015	CCU	BOM	4824
15-04-2015	DEL	BOM	3045
15-04-2015	HYD	BOM	1979
15-04-2015	LKO	BOM	4921
15-04-2015	VTZ	BOM	4423
15-04-2015	AMD	CCU	6496
15-04-2015	BHO	CCU	6792
15-04-2015	BLR	CCU	7122
15-04-2015	BOM	CCU	4802
15-04-2015	DEL	CCU	4800
15-04-2015	HYD	CCU	5661
15-04-2015	LKO	CCU	4003
15-04-2015	VTZ	CCU	4585
15-04-2015	AMD	DEL	3083
15-04-2015	BHO	DEL	3166
15-04-2015	BLR	DEL	5001
15-04-2015	BOM	DEL	3265
15-04-2015	CCU	DEL	5135
15-04-2015	HYD	DEL	3608
15-04-2015	LKO	DEL	1985
15-04-2015	VTZ	DEL	5490
15-04-2015	AMD	HYD	3427
15-04-2015	BHO	HYD	5271
15-04-2015	BLR	HYD	1899
15-04-2015	BOM	HYD	2198
15-04-2015	CCU	HYD	6743
15-04-2015	DEL	HYD	3805
15-04-2015	LKO	HYD	6540
15-04-2015	VTZ	HYD	2072
15-04-2015	AMD	LKO	4821
15-04-2015	BHO	LKO	5271
15-04-2015	BLR	LKO	7624
15-04-2015	BOM	LKO	5700
15-04-2015	CCU	LKO	3699
15-04-2015	DEL	LKO	2704
15-04-2015	HYD	LKO	6706
15-04-2015	VTZ	LKO	9409
15-04-2015	AMD	VTZ	8406
15-04-2015	BHO	VTZ	8859
15-04-2015	BLR	VTZ	3014
15-04-2015	BOM	VTZ	4136
15-04-2015	CCU	VTZ	4854
15-04-2015	DEL	VTZ	5504
15-04-2015	HYD	VTZ	1938
15-04-2015	LKO	VTZ	9614
16-04-2015	BHO	AMD	3822
16-04-2015	BLR	AMD	3661
16-04-2015	BOM	AMD	1481
16-04-2015	CCU	AMD	6710
16-04-2015	DEL	AMD	2965
16-04-2015	HYD	AMD	3002
16-04-2015	LKO	AMD	5052
16-04-2015	VTZ	AMD	8307
16-04-2015	AMD	BHO	4162
16-04-2015	BLR	BHO	4698
16-04-2015	BOM	BHO	3035
16-04-2015	CCU	BHO	7211
16-04-2015	DEL	BHO	3278
16-04-2015	HYD	BHO	4345
16-04-2015	LKO	BHO	4219
16-04-2015	VTZ	BHO	8846
16-04-2015	AMD	BLR	3588
16-04-2015	BHO	BLR	4440
16-04-2015	BOM	BLR	1994
16-04-2015	CCU	BLR	6949
16-04-2015	DEL	BLR	5045
16-04-2015	HYD	BLR	1800
16-04-2015	LKO	BLR	6791
16-04-2015	VTZ	BLR	2163
16-04-2015	AMD	BOM	1594
16-04-2015	BHO	BOM	2700
16-04-2015	BLR	BOM	1924
16-04-2015	CCU	BOM	4824
16-04-2015	DEL	BOM	3045
16-04-2015	HYD	BOM	1879
16-04-2015	LKO	BOM	5337
16-04-2015	VTZ	BOM	4423
16-04-2015	AMD	CCU	6496
16-04-2015	BHO	CCU	6792
16-04-2015	BLR	CCU	6788
16-04-2015	BOM	CCU	4802
16-04-2015	DEL	CCU	4800
16-04-2015	HYD	CCU	6287
16-04-2015	LKO	CCU	4003
16-04-2015	VTZ	CCU	4585
16-04-2015	AMD	DEL	3083
16-04-2015	BHO	DEL	3166
16-04-2015	BLR	DEL	5001
16-04-2015	BOM	DEL	3265
16-04-2015	CCU	DEL	5135
16-04-2015	HYD	DEL	4002
16-04-2015	LKO	DEL	1937
16-04-2015	VTZ	DEL	5490
16-04-2015	AMD	HYD	3427
16-04-2015	BHO	HYD	4431
16-04-2015	BLR	HYD	1899
16-04-2015	BOM	HYD	2198
16-04-2015	CCU	HYD	6743
16-04-2015	DEL	HYD	3805
16-04-2015	LKO	HYD	5479
16-04-2015	VTZ	HYD	2072
16-04-2015	AMD	LKO	4821
16-04-2015	BHO	LKO	5171
16-04-2015	BLR	LKO	7624
16-04-2015	BOM	LKO	5700
16-04-2015	CCU	LKO	4014
16-04-2015	DEL	LKO	2349
16-04-2015	HYD	LKO	5038
16-04-2015	VTZ	LKO	9409
16-04-2015	AMD	VTZ	8376
16-04-2015	BHO	VTZ	8859
16-04-2015	BLR	VTZ	3014
16-04-2015	BOM	VTZ	4308
16-04-2015	CCU	VTZ	4854
16-04-2015	DEL	VTZ	5504
16-04-2015	HYD	VTZ	1938
16-04-2015	LKO	VTZ	9614
17-04-2015	BHO	AMD	4452
17-04-2015	BLR	AMD	3724
17-04-2015	BOM	AMD	1481
17-04-2015	CCU	AMD	6710
17-04-2015	DEL	AMD	3013
17-04-2015	HYD	AMD	3679
17-04-2015	LKO	AMD	4482
17-04-2015	VTZ	AMD	8512
17-04-2015	AMD	BHO	4162
17-04-2015	BLR	BHO	6263
17-04-2015	BOM	BHO	2845
17-04-2015	CCU	BHO	7841
17-04-2015	DEL	BHO	3278
17-04-2015	HYD	BHO	4817
17-04-2015	LKO	BHO	4219
17-04-2015	VTZ	BHO	8846
17-04-2015	AMD	BLR	3588
17-04-2015	BHO	BLR	4509
17-04-2015	BOM	BLR	1994
17-04-2015	CCU	BLR	6949
17-04-2015	DEL	BLR	5045
17-04-2015	HYD	BLR	1882
17-04-2015	LKO	BLR	7825
17-04-2015	VTZ	BLR	2906
17-04-2015	AMD	BOM	1594
17-04-2015	BHO	BOM	2510
17-04-2015	BLR	BOM	1924
17-04-2015	CCU	BOM	4824
17-04-2015	DEL	BOM	3045
17-04-2015	HYD	BOM	1777
17-04-2015	LKO	BOM	5395
17-04-2015	VTZ	BOM	3849
17-04-2015	AMD	CCU	6496
17-04-2015	BHO	CCU	6792
17-04-2015	BLR	CCU	6792
17-04-2015	BOM	CCU	5661
17-04-2015	DEL	CCU	4800
17-04-2015	HYD	CCU	6287
17-04-2015	LKO	CCU	4003
17-04-2015	VTZ	CCU	4585
17-04-2015	AMD	DEL	3153
17-04-2015	BHO	DEL	3166
17-04-2015	BLR	DEL	5295
17-04-2015	BOM	DEL	3265
17-04-2015	CCU	DEL	5142
17-04-2015	HYD	DEL	4091
17-04-2015	LKO	DEL	1937
17-04-2015	VTZ	DEL	5490
17-04-2015	AMD	HYD	3427
17-04-2015	BHO	HYD	4431
17-04-2015	BLR	HYD	1899
17-04-2015	BOM	HYD	2198
17-04-2015	CCU	HYD	6743
17-04-2015	DEL	HYD	3805
17-04-2015	LKO	HYD	6540
17-04-2015	VTZ	HYD	2072
17-04-2015	AMD	LKO	4821
17-04-2015	BHO	LKO	5171
17-04-2015	BLR	LKO	7624
17-04-2015	BOM	LKO	5375
17-04-2015	CCU	LKO	4014
17-04-2015	DEL	LKO	2349
17-04-2015	HYD	LKO	6795
17-04-2015	VTZ	LKO	9409
17-04-2015	AMD	VTZ	8376
17-04-2015	BHO	VTZ	8586
17-04-2015	BLR	VTZ	3014
17-04-2015	BOM	VTZ	4136
17-04-2015	CCU	VTZ	4854
17-04-2015	DEL	VTZ	5504
17-04-2015	HYD	VTZ	1938
17-04-2015	LKO	VTZ	9614
18-04-2015	BHO	AMD	4347
18-04-2015	BLR	AMD	3729
18-04-2015	BOM	AMD	1691
18-04-2015	CCU	AMD	6710
18-04-2015	DEL	AMD	2965
18-04-2015	HYD	AMD	3217
18-04-2015	LKO	AMD	4482
18-04-2015	VTZ	AMD	8512
18-04-2015	AMD	BHO	5395
18-04-2015	BLR	BHO	5336
18-04-2015	BOM	BHO	3035
18-04-2015	CCU	BHO	7211
18-04-2015	DEL	BHO	3278
18-04-2015	HYD	BHO	4345
18-04-2015	LKO	BHO	4219
18-04-2015	VTZ	BHO	8846
18-04-2015	AMD	BLR	3588
18-04-2015	BHO	BLR	4951
18-04-2015	BOM	BLR	1994
18-04-2015	CCU	BLR	6949
18-04-2015	DEL	BLR	5200
18-04-2015	HYD	BLR	1882
18-04-2015	LKO	BLR	6791
18-04-2015	VTZ	BLR	2906
18-04-2015	AMD	BOM	1594
18-04-2015	BHO	BOM	3224
18-04-2015	BLR	BOM	1924
18-04-2015	CCU	BOM	4824
18-04-2015	DEL	BOM	3045
18-04-2015	HYD	BOM	1777
18-04-2015	LKO	BOM	5395
18-04-2015	VTZ	BOM	3849
18-04-2015	AMD	CCU	6496
18-04-2015	BHO	CCU	6792
18-04-2015	BLR	CCU	6792
18-04-2015	BOM	CCU	4830
18-04-2015	DEL	CCU	4800
18-04-2015	HYD	CCU	6287
18-04-2015	LKO	CCU	4003
18-04-2015	VTZ	CCU	4585
18-04-2015	AMD	DEL	3083
18-04-2015	BHO	DEL	3166
18-04-2015	BLR	DEL	5295
18-04-2015	BOM	DEL	3265
18-04-2015	CCU	DEL	5135
18-04-2015	HYD	DEL	3608
18-04-2015	LKO	DEL	1986
18-04-2015	VTZ	DEL	5490
18-04-2015	AMD	HYD	3427
18-04-2015	BHO	HYD	4956
18-04-2015	BLR	HYD	1899
18-04-2015	BOM	HYD	2300
18-04-2015	CCU	HYD	6743
18-04-2015	DEL	HYD	3805
18-04-2015	LKO	HYD	5479
18-04-2015	VTZ	HYD	2072
18-04-2015	AMD	LKO	4251
18-04-2015	BHO	LKO	3864
18-04-2015	BLR	LKO	6641
18-04-2015	BOM	LKO	6708
18-04-2015	CCU	LKO	4014
18-04-2015	DEL	LKO	2704
18-04-2015	HYD	LKO	7516
18-04-2015	VTZ	LKO	9409
18-04-2015	AMD	VTZ	8406
18-04-2015	BHO	VTZ	8859
18-04-2015	BLR	VTZ	3014
18-04-2015	BOM	VTZ	4308
18-04-2015	CCU	VTZ	4854
18-04-2015	DEL	VTZ	5504
18-04-2015	HYD	VTZ	1938
18-04-2015	LKO	VTZ	9614
19-04-2015	BHO	AMD	3613
19-04-2015	BLR	AMD	3729
19-04-2015	BOM	AMD	1805
19-04-2015	CCU	AMD	6710
19-04-2015	DEL	AMD	3013
19-04-2015	HYD	AMD	3212
19-04-2015	LKO	AMD	5788
19-04-2015	VTZ	AMD	8512
19-04-2015	AMD	BHO	4162
19-04-2015	BLR	BHO	6252
19-04-2015	BOM	BHO	4399
19-04-2015	CCU	BHO	7211
19-04-2015	DEL	BHO	3278
19-04-2015	HYD	BHO	4345
19-04-2015	LKO	BHO	5526
19-04-2015	VTZ	BHO	8846
19-04-2015	AMD	BLR	3593
19-04-2015	BHO	BLR	5130
19-04-2015	BOM	BLR	1999
19-04-2015	CCU	BLR	6953
19-04-2015	DEL	BLR	5200
19-04-2015	HYD	BLR	1882
19-04-2015	LKO	BLR	7498
19-04-2015	VTZ	BLR	2906
19-04-2015	AMD	BOM	1594
19-04-2015	BHO	BOM	4064
19-04-2015	BLR	BOM	1924
19-04-2015	CCU	BOM	4824
19-04-2015	DEL	BOM	3045
19-04-2015	HYD	BOM	1777
19-04-2015	LKO	BOM	5568
19-04-2015	VTZ	BOM	4423
19-04-2015	AMD	CCU	6496
19-04-2015	BHO	CCU	6792
19-04-2015	BLR	CCU	7365
19-04-2015	BOM	CCU	4802
19-04-2015	DEL	CCU	4800
19-04-2015	HYD	CCU	6287
19-04-2015	LKO	CCU	4003
19-04-2015	VTZ	CCU	5003
19-04-2015	AMD	DEL	3083
19-04-2015	BHO	DEL	3166
19-04-2015	BLR	DEL	5001
19-04-2015	BOM	DEL	3265
19-04-2015	CCU	DEL	5211
19-04-2015	HYD	DEL	3608
19-04-2015	LKO	DEL	2735
19-04-2015	VTZ	DEL	5490
19-04-2015	AMD	HYD	3427
19-04-2015	BHO	HYD	5271
19-04-2015	BLR	HYD	1899
19-04-2015	BOM	HYD	2198
19-04-2015	CCU	HYD	6743
19-04-2015	DEL	HYD	4288
19-04-2015	LKO	HYD	6785
19-04-2015	VTZ	HYD	2072
19-04-2015	AMD	LKO	4821
19-04-2015	BHO	LKO	5171
19-04-2015	BLR	LKO	7481
19-04-2015	BOM	LKO	5375
19-04-2015	CCU	LKO	4014
19-04-2015	DEL	LKO	1701
19-04-2015	HYD	LKO	5038
19-04-2015	VTZ	LKO	9409
19-04-2015	AMD	VTZ	8590
19-04-2015	BHO	VTZ	8859
19-04-2015	BLR	VTZ	3014
19-04-2015	BOM	VTZ	4238
19-04-2015	CCU	VTZ	4854
19-04-2015	DEL	VTZ	5504
19-04-2015	HYD	VTZ	1938
19-04-2015	LKO	VTZ	9614
20-04-2015	BHO	AMD	3613
20-04-2015	BLR	AMD	3729
20-04-2015	BOM	AMD	1481
20-04-2015	CCU	AMD	6710
20-04-2015	DEL	AMD	3013
20-04-2015	HYD	AMD	3212
20-04-2015	LKO	AMD	4482
20-04-2015	VTZ	AMD	7606
20-04-2015	AMD	BHO	4162
20-04-2015	BLR	BHO	4698
20-04-2015	BOM	BHO	4399
20-04-2015	CCU	BHO	7211
20-04-2015	DEL	BHO	4097
20-04-2015	HYD	BHO	4345
20-04-2015	LKO	BHO	4219
20-04-2015	VTZ	BHO	8846
20-04-2015	AMD	BLR	3588
20-04-2015	BHO	BLR	4699
20-04-2015	BOM	BLR	1994
20-04-2015	CCU	BLR	6953
20-04-2015	DEL	BLR	4434
20-04-2015	HYD	BLR	1899
20-04-2015	LKO	BLR	6791
20-04-2015	VTZ	BLR	2906
20-04-2015	AMD	BOM	1594
20-04-2015	BHO	BOM	2700
20-04-2015	BLR	BOM	1924
20-04-2015	CCU	BOM	5744
20-04-2015	DEL	BOM	3045
20-04-2015	HYD	BOM	1777
20-04-2015	LKO	BOM	5395
20-04-2015	VTZ	BOM	3849
20-04-2015	AMD	CCU	6496
20-04-2015	BHO	CCU	6792
20-04-2015	BLR	CCU	6788
20-04-2015	BOM	CCU	4802
20-04-2015	DEL	CCU	4800
20-04-2015	HYD	CCU	6287
20-04-2015	LKO	CCU	4003
20-04-2015	VTZ	CCU	6799
20-04-2015	AMD	DEL	3083
20-04-2015	BHO	DEL	3166
20-04-2015	BLR	DEL	4962
20-04-2015	BOM	DEL	3265
20-04-2015	CCU	DEL	5135
20-04-2015	HYD	DEL	3608
20-04-2015	LKO	DEL	1986
20-04-2015	VTZ	DEL	5490
20-04-2015	AMD	HYD	3792
20-04-2015	BHO	HYD	4431
20-04-2015	BLR	HYD	1859
20-04-2015	BOM	HYD	2198
20-04-2015	CCU	HYD	6743
20-04-2015	DEL	HYD	3805
20-04-2015	LKO	HYD	5479
20-04-2015	VTZ	HYD	2072
20-04-2015	AMD	LKO	5468
20-04-2015	BHO	LKO	3864
20-04-2015	BLR	LKO	7666
20-04-2015	BOM	LKO	5700
20-04-2015	CCU	LKO	4014
20-04-2015	DEL	LKO	2704
20-04-2015	HYD	LKO	5038
20-04-2015	VTZ	LKO	9409
20-04-2015	AMD	VTZ	8376
20-04-2015	BHO	VTZ	9159
20-04-2015	BLR	VTZ	3014
20-04-2015	BOM	VTZ	4308
20-04-2015	CCU	VTZ	7068
20-04-2015	DEL	VTZ	5504
20-04-2015	HYD	VTZ	1938
20-04-2015	LKO	VTZ	9614
21-04-2015	BHO	AMD	5271
21-04-2015	BLR	AMD	3451
21-04-2015	BOM	AMD	1481
21-04-2015	CCU	AMD	6710
21-04-2015	DEL	AMD	3013
21-04-2015	HYD	AMD	3212
21-04-2015	LKO	AMD	3999
21-04-2015	VTZ	AMD	6010
21-04-2015	AMD	BHO	4162
21-04-2015	BLR	BHO	4698
21-04-2015	BOM	BHO	4399
21-04-2015	CCU	BHO	7211
21-04-2015	DEL	BHO	4097
21-04-2015	HYD	BHO	4345
21-04-2015	LKO	BHO	4219
21-04-2015	VTZ	BHO	8846
21-04-2015	AMD	BLR	3588
21-04-2015	BHO	BLR	5130
21-04-2015	BOM	BLR	1994
21-04-2015	CCU	BLR	5375
21-04-2015	DEL	BLR	4434
21-04-2015	HYD	BLR	1800
21-04-2015	LKO	BLR	6791
21-04-2015	VTZ	BLR	2906
21-04-2015	AMD	BOM	1594
21-04-2015	BHO	BOM	4064
21-04-2015	BLR	BOM	1924
21-04-2015	CCU	BOM	4824
21-04-2015	DEL	BOM	3045
21-04-2015	HYD	BOM	1777
21-04-2015	LKO	BOM	5568
21-04-2015	VTZ	BOM	3951
21-04-2015	AMD	CCU	6496
21-04-2015	BHO	CCU	6792
21-04-2015	BLR	CCU	6788
21-04-2015	BOM	CCU	4802
21-04-2015	DEL	CCU	4808
21-04-2015	HYD	CCU	6287
21-04-2015	LKO	CCU	4003
21-04-2015	VTZ	CCU	4585
21-04-2015	AMD	DEL	3083
21-04-2015	BHO	DEL	3166
21-04-2015	BLR	DEL	5001
21-04-2015	BOM	DEL	3265
21-04-2015	CCU	DEL	5142
21-04-2015	HYD	DEL	3608
21-04-2015	LKO	DEL	1937
21-04-2015	VTZ	DEL	5490
21-04-2015	AMD	HYD	3427
21-04-2015	BHO	HYD	4431
21-04-2015	BLR	HYD	1899
21-04-2015	BOM	HYD	2198
21-04-2015	CCU	HYD	6743
21-04-2015	DEL	HYD	3805
21-04-2015	LKO	HYD	4576
21-04-2015	VTZ	HYD	2072
21-04-2015	AMD	LKO	4821
21-04-2015	BHO	LKO	3864
21-04-2015	BLR	LKO	7353
21-04-2015	BOM	LKO	5375
21-04-2015	CCU	LKO	4014
21-04-2015	DEL	LKO	1651
21-04-2015	HYD	LKO	5038
21-04-2015	VTZ	LKO	8186
21-04-2015	AMD	VTZ	8376
21-04-2015	BHO	VTZ	8586
21-04-2015	BLR	VTZ	3014
21-04-2015	BOM	VTZ	4308
21-04-2015	CCU	VTZ	4854
21-04-2015	DEL	VTZ	5504
21-04-2015	HYD	VTZ	1938
21-04-2015	LKO	VTZ	9614
22-04-2015	BHO	AMD	5271
22-04-2015	BLR	AMD	3724
22-04-2015	BOM	AMD	1481
22-04-2015	CCU	AMD	6710
22-04-2015	DEL	AMD	2965
22-04-2015	HYD	AMD	3212
22-04-2015	LKO	AMD	5788
22-04-2015	VTZ	AMD	7896
22-04-2015	AMD	BHO	4162
22-04-2015	BLR	BHO	4698
22-04-2015	BOM	BHO	3035
22-04-2015	CCU	BHO	7211
22-04-2015	DEL	BHO	3278
22-04-2015	HYD	BHO	4345
22-04-2015	LKO	BHO	5526
22-04-2015	VTZ	BHO	8846
22-04-2015	AMD	BLR	3593
22-04-2015	BHO	BLR	4440
22-04-2015	BOM	BLR	1999
22-04-2015	CCU	BLR	6949
22-04-2015	DEL	BLR	4434
22-04-2015	HYD	BLR	1882
22-04-2015	LKO	BLR	7923
22-04-2015	VTZ	BLR	2906
22-04-2015	AMD	BOM	1594
22-04-2015	BHO	BOM	2510
22-04-2015	BLR	BOM	1924
22-04-2015	CCU	BOM	4824
22-04-2015	DEL	BOM	3045
22-04-2015	HYD	BOM	1777
22-04-2015	LKO	BOM	5728
22-04-2015	VTZ	BOM	3849
22-04-2015	AMD	CCU	6496
22-04-2015	BHO	CCU	6792
22-04-2015	BLR	CCU	6788
22-04-2015	BOM	CCU	4802
22-04-2015	DEL	CCU	4800
22-04-2015	HYD	CCU	6287
22-04-2015	LKO	CCU	4003
22-04-2015	VTZ	CCU	5003
22-04-2015	AMD	DEL	3083
22-04-2015	BHO	DEL	3166
22-04-2015	BLR	DEL	5001
22-04-2015	BOM	DEL	3265
22-04-2015	CCU	DEL	5142
22-04-2015	HYD	DEL	3608
22-04-2015	LKO	DEL	1937
22-04-2015	VTZ	DEL	5490
22-04-2015	AMD	HYD	3427
22-04-2015	BHO	HYD	4431
22-04-2015	BLR	HYD	1859
22-04-2015	BOM	HYD	2198
22-04-2015	CCU	HYD	6743
22-04-2015	DEL	HYD	3805
22-04-2015	LKO	HYD	6785
22-04-2015	VTZ	HYD	2072
22-04-2015	AMD	LKO	4821
22-04-2015	BHO	LKO	3864
22-04-2015	BLR	LKO	7624
22-04-2015	BOM	LKO	5375
22-04-2015	CCU	LKO	4014
22-04-2015	DEL	LKO	1701
22-04-2015	HYD	LKO	5038
22-04-2015	VTZ	LKO	10540
22-04-2015	AMD	VTZ	8406
22-04-2015	BHO	VTZ	8859
22-04-2015	BLR	VTZ	3014
22-04-2015	BOM	VTZ	4308
22-04-2015	CCU	VTZ	4854
22-04-2015	DEL	VTZ	5504
22-04-2015	HYD	VTZ	1938
22-04-2015	LKO	VTZ	9614
23-04-2015	BHO	AMD	3613
23-04-2015	BLR	AMD	3451
23-04-2015	BOM	AMD	1481
23-04-2015	CCU	AMD	6710
23-04-2015	DEL	AMD	3013
23-04-2015	HYD	AMD	2792
23-04-2015	LKO	AMD	5052
23-04-2015	VTZ	AMD	7896
23-04-2015	AMD	BHO	4162
23-04-2015	BLR	BHO	5004
23-04-2015	BOM	BHO	3035
23-04-2015	CCU	BHO	7211
23-04-2015	DEL	BHO	3278
23-04-2015	HYD	BHO	4345
23-04-2015	LKO	BHO	4219
23-04-2015	VTZ	BHO	8846
23-04-2015	AMD	BLR	3588
23-04-2015	BHO	BLR	5130
23-04-2015	BOM	BLR	1994
23-04-2015	CCU	BLR	6949
23-04-2015	DEL	BLR	5045
23-04-2015	HYD	BLR	1800
23-04-2015	LKO	BLR	6791
23-04-2015	VTZ	BLR	2906
23-04-2015	AMD	BOM	1594
23-04-2015	BHO	BOM	4064
23-04-2015	BLR	BOM	1924
23-04-2015	CCU	BOM	4824
23-04-2015	DEL	BOM	3045
23-04-2015	HYD	BOM	1777
23-04-2015	LKO	BOM	5395
23-04-2015	VTZ	BOM	3849
23-04-2015	AMD	CCU	6496
23-04-2015	BHO	CCU	6792
23-04-2015	BLR	CCU	6788
23-04-2015	BOM	CCU	4795
23-04-2015	DEL	CCU	4800
23-04-2015	HYD	CCU	6287
23-04-2015	LKO	CCU	4003
23-04-2015	VTZ	CCU	7954
23-04-2015	AMD	DEL	3153
23-04-2015	BHO	DEL	3166
23-04-2015	BLR	DEL	5001
23-04-2015	BOM	DEL	3265
23-04-2015	CCU	DEL	5135
23-04-2015	HYD	DEL	3608
23-04-2015	LKO	DEL	1937
23-04-2015	VTZ	DEL	5490
23-04-2015	AMD	HYD	3427
23-04-2015	BHO	HYD	4431
23-04-2015	BLR	HYD	1859
23-04-2015	BOM	HYD	2198
23-04-2015	CCU	HYD	6743
23-04-2015	DEL	HYD	3805
23-04-2015	LKO	HYD	5479
23-04-2015	VTZ	HYD	2072
23-04-2015	AMD	LKO	4821
23-04-2015	BHO	LKO	3864
23-04-2015	BLR	LKO	7999
23-04-2015	BOM	LKO	6403
23-04-2015	CCU	LKO	4014
23-04-2015	DEL	LKO	1651
23-04-2015	HYD	LKO	5038
23-04-2015	VTZ	LKO	9409
23-04-2015	AMD	VTZ	8376
23-04-2015	BHO	VTZ	8859
23-04-2015	BLR	VTZ	3014
23-04-2015	BOM	VTZ	4136
23-04-2015	CCU	VTZ	4854
23-04-2015	DEL	VTZ	5504
23-04-2015	HYD	VTZ	1938
23-04-2015	LKO	VTZ	9614
24-04-2015	BHO	AMD	3613
24-04-2015	BLR	AMD	3661
24-04-2015	BOM	AMD	1481
24-04-2015	CCU	AMD	6710
24-04-2015	DEL	AMD	2965
24-04-2015	HYD	AMD	3002
24-04-2015	LKO	AMD	5311
24-04-2015	VTZ	AMD	7896
24-04-2015	AMD	BHO	4162
24-04-2015	BLR	BHO	5004
24-04-2015	BOM	BHO	3035
24-04-2015	CCU	BHO	7211
24-04-2015	DEL	BHO	3278
24-04-2015	HYD	BHO	4345
24-04-2015	LKO	BHO	4219
24-04-2015	VTZ	BHO	8846
24-04-2015	AMD	BLR	3593
24-04-2015	BHO	BLR	4509
24-04-2015	BOM	BLR	1999
24-04-2015	CCU	BLR	6949
24-04-2015	DEL	BLR	4434
24-04-2015	HYD	BLR	1899
24-04-2015	LKO	BLR	6791
24-04-2015	VTZ	BLR	2906
24-04-2015	AMD	BOM	1594
24-04-2015	BHO	BOM	2510
24-04-2015	BLR	BOM	1924
24-04-2015	CCU	BOM	4824
24-04-2015	DEL	BOM	3045
24-04-2015	HYD	BOM	1777
24-04-2015	LKO	BOM	5993
24-04-2015	VTZ	BOM	3849
24-04-2015	AMD	CCU	6496
24-04-2015	BHO	CCU	6792
24-04-2015	BLR	CCU	6792
24-04-2015	BOM	CCU	4802
24-04-2015	DEL	CCU	4800
24-04-2015	HYD	CCU	5982
24-04-2015	LKO	CCU	4003
24-04-2015	VTZ	CCU	4585
24-04-2015	AMD	DEL	3083
24-04-2015	BHO	DEL	3166
24-04-2015	BLR	DEL	5942
24-04-2015	BOM	DEL	3265
24-04-2015	CCU	DEL	5135
24-04-2015	HYD	DEL	4091
24-04-2015	LKO	DEL	1986
24-04-2015	VTZ	DEL	5490
24-04-2015	AMD	HYD	3427
24-04-2015	BHO	HYD	4431
24-04-2015	BLR	HYD	1859
24-04-2015	BOM	HYD	2198
24-04-2015	CCU	HYD	6743
24-04-2015	DEL	HYD	3805
24-04-2015	LKO	HYD	4576
24-04-2015	VTZ	HYD	2072
24-04-2015	AMD	LKO	4821
24-04-2015	BHO	LKO	3864
24-04-2015	BLR	LKO	6641
24-04-2015	BOM	LKO	6204
24-04-2015	CCU	LKO	4014
24-04-2015	DEL	LKO	1651
24-04-2015	HYD	LKO	5038
24-04-2015	VTZ	LKO	9409
24-04-2015	AMD	VTZ	8376
24-04-2015	BHO	VTZ	8586
24-04-2015	BLR	VTZ	3014
24-04-2015	BOM	VTZ	4308
24-04-2015	CCU	VTZ	4854
24-04-2015	DEL	VTZ	5504
24-04-2015	HYD	VTZ	1938
24-04-2015	LKO	VTZ	9614
25-04-2015	BHO	AMD	3613
25-04-2015	BLR	AMD	3661
25-04-2015	BOM	AMD	1481
25-04-2015	CCU	AMD	6710
25-04-2015	DEL	AMD	3013
25-04-2015	HYD	AMD	3002
25-04-2015	LKO	AMD	4999
25-04-2015	VTZ	AMD	8512
25-04-2015	AMD	BHO	5395
25-04-2015	BLR	BHO	6638
25-04-2015	BOM	BHO	2845
25-04-2015	CCU	BHO	7736
25-04-2015	DEL	BHO	3278
25-04-2015	HYD	BHO	5185
25-04-2015	LKO	BHO	4219
25-04-2015	VTZ	BHO	8846
25-04-2015	AMD	BLR	3593
25-04-2015	BHO	BLR	4960
25-04-2015	BOM	BLR	1999
25-04-2015	CCU	BLR	6949
25-04-2015	DEL	BLR	5200
25-04-2015	HYD	BLR	1800
25-04-2015	LKO	BLR	6791
25-04-2015	VTZ	BLR	3543
25-04-2015	AMD	BOM	1594
25-04-2015	BHO	BOM	2510
25-04-2015	BLR	BOM	1924
25-04-2015	CCU	BOM	4824
25-04-2015	DEL	BOM	3045
25-04-2015	HYD	BOM	1777
25-04-2015	LKO	BOM	5265
25-04-2015	VTZ	BOM	4423
25-04-2015	AMD	CCU	6496
25-04-2015	BHO	CCU	6792
25-04-2015	BLR	CCU	6792
25-04-2015	BOM	CCU	4802
25-04-2015	DEL	CCU	4808
25-04-2015	HYD	CCU	6287
25-04-2015	LKO	CCU	4003
25-04-2015	VTZ	CCU	4585
25-04-2015	AMD	DEL	3083
25-04-2015	BHO	DEL	3166
25-04-2015	BLR	DEL	5652
25-04-2015	BOM	DEL	3265
25-04-2015	CCU	DEL	5142
25-04-2015	HYD	DEL	3608
25-04-2015	LKO	DEL	1986
25-04-2015	VTZ	DEL	5490
25-04-2015	AMD	HYD	3427
25-04-2015	BHO	HYD	4431
25-04-2015	BLR	HYD	1859
25-04-2015	BOM	HYD	2198
25-04-2015	CCU	HYD	6743
25-04-2015	DEL	HYD	3805
25-04-2015	LKO	HYD	5479
25-04-2015	VTZ	HYD	2072
25-04-2015	AMD	LKO	5608
25-04-2015	BHO	LKO	3864
25-04-2015	BLR	LKO	8110
25-04-2015	BOM	LKO	6403
25-04-2015	CCU	LKO	4014
25-04-2015	DEL	LKO	1701
25-04-2015	HYD	LKO	5038
25-04-2015	VTZ	LKO	9409
25-04-2015	AMD	VTZ	8590
25-04-2015	BHO	VTZ	8859
25-04-2015	BLR	VTZ	3651
25-04-2015	BOM	VTZ	4710
25-04-2015	CCU	VTZ	4854
25-04-2015	DEL	VTZ	7000
25-04-2015	HYD	VTZ	1938
25-04-2015	LKO	VTZ	9614
26-04-2015	BHO	AMD	3613
26-04-2015	BLR	AMD	3724
26-04-2015	BOM	AMD	1481
26-04-2015	CCU	AMD	6710
26-04-2015	DEL	AMD	2965
26-04-2015	HYD	AMD	3264
26-04-2015	LKO	AMD	5311
26-04-2015	VTZ	AMD	7896
26-04-2015	AMD	BHO	4162
26-04-2015	BLR	BHO	6252
26-04-2015	BOM	BHO	4399
26-04-2015	CCU	BHO	7211
26-04-2015	DEL	BHO	3278
26-04-2015	HYD	BHO	4633
26-04-2015	LKO	BHO	5526
26-04-2015	VTZ	BHO	9009
26-04-2015	AMD	BLR	3593
26-04-2015	BHO	BLR	4951
26-04-2015	BOM	BLR	1999
26-04-2015	CCU	BLR	6953
26-04-2015	DEL	BLR	5200
26-04-2015	HYD	BLR	1899
26-04-2015	LKO	BLR	8097
26-04-2015	VTZ	BLR	3543
26-04-2015	AMD	BOM	1594
26-04-2015	BHO	BOM	4064
26-04-2015	BLR	BOM	1924
26-04-2015	CCU	BOM	5744
26-04-2015	DEL	BOM	3045
26-04-2015	HYD	BOM	1777
26-04-2015	LKO	BOM	5568
26-04-2015	VTZ	BOM	4423
26-04-2015	AMD	CCU	6496
26-04-2015	BHO	CCU	6792
26-04-2015	BLR	CCU	6788
26-04-2015	BOM	CCU	4802
26-04-2015	DEL	CCU	4808
26-04-2015	HYD	CCU	5982
26-04-2015	LKO	CCU	4003
26-04-2015	VTZ	CCU	4585
26-04-2015	AMD	DEL	3083
26-04-2015	BHO	DEL	3166
26-04-2015	BLR	DEL	5295
26-04-2015	BOM	DEL	3265
26-04-2015	CCU	DEL	5135
26-04-2015	HYD	DEL	3608
26-04-2015	LKO	DEL	2735
26-04-2015	VTZ	DEL	5490
26-04-2015	AMD	HYD	3427
26-04-2015	BHO	HYD	4431
26-04-2015	BLR	HYD	1899
26-04-2015	BOM	HYD	2198
26-04-2015	CCU	HYD	6743
26-04-2015	DEL	HYD	3805
26-04-2015	LKO	HYD	6785
26-04-2015	VTZ	HYD	2072
26-04-2015	AMD	LKO	5468
26-04-2015	BHO	LKO	3864
26-04-2015	BLR	LKO	6641
26-04-2015	BOM	LKO	5375
26-04-2015	CCU	LKO	4014
26-04-2015	DEL	LKO	1701
26-04-2015	HYD	LKO	5038
26-04-2015	VTZ	LKO	9409
26-04-2015	AMD	VTZ	8406
26-04-2015	BHO	VTZ	8859
26-04-2015	BLR	VTZ	3014
26-04-2015	BOM	VTZ	4189
26-04-2015	CCU	VTZ	4854
26-04-2015	DEL	VTZ	5504
26-04-2015	HYD	VTZ	1889
26-04-2015	LKO	VTZ	9614
27-04-2015	BHO	AMD	3613
27-04-2015	BLR	AMD	3729
27-04-2015	BOM	AMD	1481
27-04-2015	CCU	AMD	6710
27-04-2015	DEL	AMD	3013
27-04-2015	HYD	AMD	3002
27-04-2015	LKO	AMD	3999
27-04-2015	VTZ	AMD	7896
27-04-2015	AMD	BHO	4162
27-04-2015	BLR	BHO	4698
27-04-2015	BOM	BHO	2845
27-04-2015	CCU	BHO	7211
27-04-2015	DEL	BHO	3278
27-04-2015	HYD	BHO	4345
27-04-2015	LKO	BHO	4219
27-04-2015	VTZ	BHO	8846
27-04-2015	AMD	BLR	3588
27-04-2015	BHO	BLR	4440
27-04-2015	BOM	BLR	1994
27-04-2015	CCU	BLR	6949
27-04-2015	DEL	BLR	4434
27-04-2015	HYD	BLR	1882
27-04-2015	LKO	BLR	6791
27-04-2015	VTZ	BLR	2906
27-04-2015	AMD	BOM	1594
27-04-2015	BHO	BOM	2700
27-04-2015	BLR	BOM	1924
27-04-2015	CCU	BOM	5744
27-04-2015	DEL	BOM	3045
27-04-2015	HYD	BOM	1777
27-04-2015	LKO	BOM	5337
27-04-2015	VTZ	BOM	3849
27-04-2015	AMD	CCU	6496
27-04-2015	BHO	CCU	6792
27-04-2015	BLR	CCU	6788
27-04-2015	BOM	CCU	4802
27-04-2015	DEL	CCU	4800
27-04-2015	HYD	CCU	5982
27-04-2015	LKO	CCU	4003
27-04-2015	VTZ	CCU	4585
27-04-2015	AMD	DEL	3083
27-04-2015	BHO	DEL	3985
27-04-2015	BLR	DEL	5001
27-04-2015	BOM	DEL	3265
27-04-2015	CCU	DEL	5142
27-04-2015	HYD	DEL	3608
27-04-2015	LKO	DEL	1986
27-04-2015	VTZ	DEL	5490
27-04-2015	AMD	HYD	3002
27-04-2015	BHO	HYD	4431
27-04-2015	BLR	HYD	1859
27-04-2015	BOM	HYD	2198
27-04-2015	CCU	HYD	6743
27-04-2015	DEL	HYD	3805
27-04-2015	LKO	HYD	5479
27-04-2015	VTZ	HYD	2072
27-04-2015	AMD	LKO	4821
27-04-2015	BHO	LKO	3864
27-04-2015	BLR	LKO	7999
27-04-2015	BOM	LKO	5375
27-04-2015	CCU	LKO	4014
27-04-2015	DEL	LKO	1651
27-04-2015	HYD	LKO	5038
27-04-2015	VTZ	LKO	9409
27-04-2015	AMD	VTZ	7537
27-04-2015	BHO	VTZ	8066
27-04-2015	BLR	VTZ	3014
27-04-2015	BOM	VTZ	4189
27-04-2015	CCU	VTZ	4854
27-04-2015	DEL	VTZ	5504
27-04-2015	HYD	VTZ	1889
27-04-2015	LKO	VTZ	9479
28-04-2015	BHO	AMD	4452
28-04-2015	BLR	AMD	3661
28-04-2015	BOM	AMD	1481
28-04-2015	CCU	AMD	6710
28-04-2015	DEL	AMD	3013
28-04-2015	HYD	AMD	3002
28-04-2015	LKO	AMD	4587
28-04-2015	VTZ	AMD	6010
28-04-2015	AMD	BHO	3737
28-04-2015	BLR	BHO	5004
28-04-2015	BOM	BHO	4399
28-04-2015	CCU	BHO	7211
28-04-2015	DEL	BHO	4097
28-04-2015	HYD	BHO	4345
28-04-2015	LKO	BHO	4167
28-04-2015	VTZ	BHO	8846
28-04-2015	AMD	BLR	3593
28-04-2015	BHO	BLR	4440
28-04-2015	BOM	BLR	1999
28-04-2015	CCU	BLR	6949
28-04-2015	DEL	BLR	5200
28-04-2015	HYD	BLR	1800
28-04-2015	LKO	BLR	6791
28-04-2015	VTZ	BLR	2906
28-04-2015	AMD	BOM	1594
28-04-2015	BHO	BOM	4064
28-04-2015	BLR	BOM	1924
28-04-2015	CCU	BOM	4824
28-04-2015	DEL	BOM	3045
28-04-2015	HYD	BOM	1777
28-04-2015	LKO	BOM	5395
28-04-2015	VTZ	BOM	3849
28-04-2015	AMD	CCU	6496
28-04-2015	BHO	CCU	6792
28-04-2015	BLR	CCU	6211
28-04-2015	BOM	CCU	4795
28-04-2015	DEL	CCU	4800
28-04-2015	HYD	CCU	6287
28-04-2015	LKO	CCU	4003
28-04-2015	VTZ	CCU	4585
28-04-2015	AMD	DEL	3083
28-04-2015	BHO	DEL	3166
28-04-2015	BLR	DEL	5295
28-04-2015	BOM	DEL	3265
28-04-2015	CCU	DEL	5135
28-04-2015	HYD	DEL	3608
28-04-2015	LKO	DEL	1986
28-04-2015	VTZ	DEL	5490
28-04-2015	AMD	HYD	3427
28-04-2015	BHO	HYD	4609
28-04-2015	BLR	HYD	1899
28-04-2015	BOM	HYD	2198
28-04-2015	CCU	HYD	6743
28-04-2015	DEL	HYD	3805
28-04-2015	LKO	HYD	4628
28-04-2015	VTZ	HYD	2072
28-04-2015	AMD	LKO	5468
28-04-2015	BHO	LKO	4867
28-04-2015	BLR	LKO	7948
28-04-2015	BOM	LKO	6681
28-04-2015	CCU	LKO	4014
28-04-2015	DEL	LKO	1701
28-04-2015	HYD	LKO	5783
28-04-2015	VTZ	LKO	9409
28-04-2015	AMD	VTZ	7390
28-04-2015	BHO	VTZ	7746
28-04-2015	BLR	VTZ	3651
28-04-2015	BOM	VTZ	4189
28-04-2015	CCU	VTZ	4854
28-04-2015	DEL	VTZ	5504
28-04-2015	HYD	VTZ	1889
28-04-2015	LKO	VTZ	8354
29-04-2015	BHO	AMD	4452
29-04-2015	BLR	AMD	3724
29-04-2015	BOM	AMD	1481
29-04-2015	CCU	AMD	6710
29-04-2015	DEL	AMD	3013
29-04-2015	HYD	AMD	2792
29-04-2015	LKO	AMD	4587
29-04-2015	VTZ	AMD	7416
29-04-2015	AMD	BHO	4162
29-04-2015	BLR	BHO	6252
29-04-2015	BOM	BHO	3035
29-04-2015	CCU	BHO	7211
29-04-2015	DEL	BHO	3278
29-04-2015	HYD	BHO	4345
29-04-2015	LKO	BHO	4167
29-04-2015	VTZ	BHO	7749
29-04-2015	AMD	BLR	3993
29-04-2015	BHO	BLR	4951
29-04-2015	BOM	BLR	2446
29-04-2015	CCU	BLR	6323
29-04-2015	DEL	BLR	5200
29-04-2015	HYD	BLR	1882
29-04-2015	LKO	BLR	6791
29-04-2015	VTZ	BLR	2906
29-04-2015	AMD	BOM	1543
29-04-2015	BHO	BOM	2510
29-04-2015	BLR	BOM	1924
29-04-2015	CCU	BOM	4824
29-04-2015	DEL	BOM	3045
29-04-2015	HYD	BOM	1777
29-04-2015	LKO	BOM	5395
29-04-2015	VTZ	BOM	3849
29-04-2015	AMD	CCU	6496
29-04-2015	BHO	CCU	6792
29-04-2015	BLR	CCU	6162
29-04-2015	BOM	CCU	5868
29-04-2015	DEL	CCU	4644
29-04-2015	HYD	CCU	5083
29-04-2015	LKO	CCU	4003
29-04-2015	VTZ	CCU	4585
29-04-2015	AMD	DEL	3083
29-04-2015	BHO	DEL	3166
29-04-2015	BLR	DEL	5001
29-04-2015	BOM	DEL	3265
29-04-2015	CCU	DEL	4900
29-04-2015	HYD	DEL	4002
29-04-2015	LKO	DEL	1986
29-04-2015	VTZ	DEL	4788
29-04-2015	AMD	HYD	3427
29-04-2015	BHO	HYD	4929
29-04-2015	BLR	HYD	1859
29-04-2015	BOM	HYD	2198
29-04-2015	CCU	HYD	5536
29-04-2015	DEL	HYD	3805
29-04-2015	LKO	HYD	3928
29-04-2015	VTZ	HYD	2072
29-04-2015	AMD	LKO	4821
29-04-2015	BHO	LKO	3812
29-04-2015	BLR	LKO	7624
29-04-2015	BOM	LKO	5375
29-04-2015	CCU	LKO	4014
29-04-2015	DEL	LKO	2704
29-04-2015	HYD	LKO	3903
29-04-2015	VTZ	LKO	8149
29-04-2015	AMD	VTZ	6995
29-04-2015	BHO	VTZ	7599
29-04-2015	BLR	VTZ	3062
29-04-2015	BOM	VTZ	4189
29-04-2015	CCU	VTZ	4014
29-04-2015	DEL	VTZ	5504
29-04-2015	HYD	VTZ	1889
29-04-2015	LKO	VTZ	8310
30-04-2015	BHO	AMD	3822
30-04-2015	BLR	AMD	3729
30-04-2015	BOM	AMD	1481
30-04-2015	CCU	AMD	6710
30-04-2015	DEL	AMD	3013
30-04-2015	HYD	AMD	3002
30-04-2015	LKO	AMD	5748
30-04-2015	VTZ	AMD	7416
30-04-2015	AMD	BHO	4686
30-04-2015	BLR	BHO	6638
30-04-2015	BOM	BHO	3035
30-04-2015	CCU	BHO	7736
30-04-2015	DEL	BHO	3802
30-04-2015	HYD	BHO	4870
30-04-2015	LKO	BHO	4692
30-04-2015	VTZ	BHO	8464
30-04-2015	AMD	BLR	5442
30-04-2015	BHO	BLR	6446
30-04-2015	BOM	BLR	3864
30-04-2015	CCU	BLR	6323
30-04-2015	DEL	BLR	5200
30-04-2015	HYD	BLR	1800
30-04-2015	LKO	BLR	6738
30-04-2015	VTZ	BLR	2906
30-04-2015	AMD	BOM	1594
30-04-2015	BHO	BOM	2510
30-04-2015	BLR	BOM	1924
30-04-2015	CCU	BOM	4824
30-04-2015	DEL	BOM	3045
30-04-2015	HYD	BOM	1777
30-04-2015	LKO	BOM	5395
30-04-2015	VTZ	BOM	3951
30-04-2015	AMD	CCU	6496
30-04-2015	BHO	CCU	6792
30-04-2015	BLR	CCU	6211
30-04-2015	BOM	CCU	5999
30-04-2015	DEL	CCU	4644
30-04-2015	HYD	CCU	5083
30-04-2015	LKO	CCU	4003
30-04-2015	VTZ	CCU	3745
30-04-2015	AMD	DEL	3083
30-04-2015	BHO	DEL	3166
30-04-2015	BLR	DEL	5652
30-04-2015	BOM	DEL	3265
30-04-2015	CCU	DEL	4900
30-04-2015	HYD	DEL	4091
30-04-2015	LKO	DEL	1934
30-04-2015	VTZ	DEL	5490
30-04-2015	AMD	HYD	3474
30-04-2015	BHO	HYD	4903
30-04-2015	BLR	HYD	1899
30-04-2015	BOM	HYD	2198
30-04-2015	CCU	HYD	5536
30-04-2015	DEL	HYD	3805
30-04-2015	LKO	HYD	3928
30-04-2015	VTZ	HYD	2072
30-04-2015	AMD	LKO	4821
30-04-2015	BHO	LKO	4867
30-04-2015	BLR	LKO	7481
30-04-2015	BOM	LKO	5375
30-04-2015	CCU	LKO	4014
30-04-2015	DEL	LKO	1649
30-04-2015	HYD	LKO	3903
30-04-2015	VTZ	LKO	8149
30-04-2015	AMD	VTZ	7147
30-04-2015	BHO	VTZ	7599
30-04-2015	BLR	VTZ	3062
30-04-2015	BOM	VTZ	4189
30-04-2015	CCU	VTZ	4014
30-04-2015	DEL	VTZ	5504
30-04-2015	HYD	VTZ	1889
30-04-2015	LKO	VTZ	8258
01-05-2015	BHO	AMD	4347
01-05-2015	BLR	AMD	3974
01-05-2015	BOM	AMD	1691
01-05-2015	CCU	AMD	6710
01-05-2015	DEL	AMD	3343
01-05-2015	HYD	AMD	3299
01-05-2015	LKO	AMD	5839
01-05-2015	VTZ	AMD	7896
01-05-2015	AMD	BHO	5395
01-05-2015	BLR	BHO	6342
01-05-2015	BOM	BHO	3559
01-05-2015	CCU	BHO	8366
01-05-2015	DEL	BHO	3802
01-05-2015	HYD	BHO	5185
01-05-2015	LKO	BHO	5626
01-05-2015	VTZ	BHO	9503
01-05-2015	AMD	BLR	4538
01-05-2015	BHO	BLR	5674
01-05-2015	BOM	BLR	2446
01-05-2015	CCU	BLR	6660
01-05-2015	DEL	BLR	5975
01-05-2015	HYD	BLR	1882
01-05-2015	LKO	BLR	9031
01-05-2015	VTZ	BLR	2906
01-05-2015	AMD	BOM	2092
01-05-2015	BHO	BOM	3224
01-05-2015	BLR	BOM	1919
01-05-2015	CCU	BOM	4824
01-05-2015	DEL	BOM	3045
01-05-2015	HYD	BOM	2340
01-05-2015	LKO	BOM	6779
01-05-2015	VTZ	BOM	4412
01-05-2015	AMD	CCU	8700
01-05-2015	BHO	CCU	7947
01-05-2015	BLR	CCU	7421
01-05-2015	BOM	CCU	6238
01-05-2015	DEL	CCU	5238
01-05-2015	HYD	CCU	5083
01-05-2015	LKO	CCU	4003
01-05-2015	VTZ	CCU	5003
01-05-2015	AMD	DEL	3356
01-05-2015	BHO	DEL	3690
01-05-2015	BLR	DEL	6250
01-05-2015	BOM	DEL	3269
01-05-2015	CCU	DEL	4900
01-05-2015	HYD	DEL	4002
01-05-2015	LKO	DEL	2735
01-05-2015	VTZ	DEL	5874
01-05-2015	AMD	HYD	4559
01-05-2015	BHO	HYD	5271
01-05-2015	BLR	HYD	1899
01-05-2015	BOM	HYD	2761
01-05-2015	CCU	HYD	5536
01-05-2015	DEL	HYD	3805
01-05-2015	LKO	HYD	3928
01-05-2015	VTZ	HYD	2072
01-05-2015	AMD	LKO	6759
01-05-2015	BHO	LKO	5271
01-05-2015	BLR	LKO	8786
01-05-2015	BOM	LKO	7022
01-05-2015	CCU	LKO	4014
01-05-2015	DEL	LKO	2704
01-05-2015	HYD	LKO	3903
01-05-2015	VTZ	LKO	9433
01-05-2015	AMD	VTZ	7903
01-05-2015	BHO	VTZ	9154
01-05-2015	BLR	VTZ	3651
01-05-2015	BOM	VTZ	4766
01-05-2015	CCU	VTZ	4014
01-05-2015	DEL	VTZ	5799
01-05-2015	HYD	VTZ	1889
01-05-2015	LKO	VTZ	8669
02-05-2015	BHO	AMD	4347
02-05-2015	BLR	AMD	3724
02-05-2015	BOM	AMD	1691
02-05-2015	CCU	AMD	6710
02-05-2015	DEL	AMD	3343
02-05-2015	HYD	AMD	3299
02-05-2015	LKO	AMD	5839
02-05-2015	VTZ	AMD	7896
02-05-2015	AMD	BHO	5395
02-05-2015	BLR	BHO	6342
02-05-2015	BOM	BHO	3559
02-05-2015	CCU	BHO	8366
02-05-2015	DEL	BHO	3802
02-05-2015	HYD	BHO	5185
02-05-2015	LKO	BHO	5626
02-05-2015	VTZ	BHO	9503
02-05-2015	AMD	BLR	4538
02-05-2015	BHO	BLR	5674
02-05-2015	BOM	BLR	2446
02-05-2015	CCU	BLR	6953
02-05-2015	DEL	BLR	6161
02-05-2015	HYD	BLR	1800
02-05-2015	LKO	BLR	8896
02-05-2015	VTZ	BLR	3543
02-05-2015	AMD	BOM	2092
02-05-2015	BHO	BOM	3224
02-05-2015	BLR	BOM	1919
02-05-2015	CCU	BOM	4824
02-05-2015	DEL	BOM	3045
02-05-2015	HYD	BOM	2340
02-05-2015	LKO	BOM	5883
02-05-2015	VTZ	BOM	4412
02-05-2015	AMD	CCU	8648
02-05-2015	BHO	CCU	7947
02-05-2015	BLR	CCU	6792
02-05-2015	BOM	CCU	6238
02-05-2015	DEL	CCU	5242
02-05-2015	HYD	CCU	5083
02-05-2015	LKO	CCU	4003
02-05-2015	VTZ	CCU	5003
02-05-2015	AMD	DEL	4227
02-05-2015	BHO	DEL	3690
02-05-2015	BLR	DEL	6255
02-05-2015	BOM	DEL	3265
02-05-2015	CCU	DEL	4900
02-05-2015	HYD	DEL	3608
02-05-2015	LKO	DEL	2374
02-05-2015	VTZ	DEL	5680
02-05-2015	AMD	HYD	3509
02-05-2015	BHO	HYD	5271
02-05-2015	BLR	HYD	1899
02-05-2015	BOM	HYD	2776
02-05-2015	CCU	HYD	5536
02-05-2015	DEL	HYD	3805
02-05-2015	LKO	HYD	3928
02-05-2015	VTZ	HYD	2072
02-05-2015	AMD	LKO	4821
02-05-2015	BHO	LKO	5271
02-05-2015	BLR	LKO	8467
02-05-2015	BOM	LKO	6759
02-05-2015	CCU	LKO	4014
02-05-2015	DEL	LKO	1651
02-05-2015	HYD	LKO	3903
02-05-2015	VTZ	LKO	9325
02-05-2015	AMD	VTZ	8334
02-05-2015	BHO	VTZ	8314
02-05-2015	BLR	VTZ	3014
02-05-2015	BOM	VTZ	4210
02-05-2015	CCU	VTZ	4854
02-05-2015	DEL	VTZ	5799
02-05-2015	HYD	VTZ	1889
02-05-2015	LKO	VTZ	8669
03-05-2015	BHO	AMD	4347
03-05-2015	BLR	AMD	3724
03-05-2015	BOM	AMD	1691
03-05-2015	CCU	AMD	6710
03-05-2015	DEL	AMD	3343
03-05-2015	HYD	AMD	3299
03-05-2015	LKO	AMD	5839
03-05-2015	VTZ	AMD	9503
03-05-2015	AMD	BHO	5395
03-05-2015	BLR	BHO	6342
03-05-2015	BOM	BHO	3559
03-05-2015	CCU	BHO	8366
03-05-2015	DEL	BHO	3802
03-05-2015	HYD	BHO	5185
03-05-2015	LKO	BHO	5626
03-05-2015	VTZ	BHO	9503
03-05-2015	AMD	BLR	5168
03-05-2015	BHO	BLR	6520
03-05-2015	BOM	BLR	2446
03-05-2015	CCU	BLR	7582
03-05-2015	DEL	BLR	6156
03-05-2015	HYD	BLR	1936
03-05-2015	LKO	BLR	9031
03-05-2015	VTZ	BLR	4518
03-05-2015	AMD	BOM	1594
03-05-2015	BHO	BOM	3224
03-05-2015	BLR	BOM	1919
03-05-2015	CCU	BOM	4824
03-05-2015	DEL	BOM	3045
03-05-2015	HYD	BOM	2355
03-05-2015	LKO	BOM	6779
03-05-2015	VTZ	BOM	4427
03-05-2015	AMD	CCU	8648
03-05-2015	BHO	CCU	7947
03-05-2015	BLR	CCU	6792
03-05-2015	BOM	CCU	5999
03-05-2015	DEL	CCU	5242
03-05-2015	HYD	CCU	5083
03-05-2015	LKO	CCU	4003
03-05-2015	VTZ	CCU	4585
03-05-2015	AMD	DEL	3356
03-05-2015	BHO	DEL	3690
03-05-2015	BLR	DEL	6250
03-05-2015	BOM	DEL	4449
03-05-2015	CCU	DEL	4900
03-05-2015	HYD	DEL	3608
03-05-2015	LKO	DEL	2735
03-05-2015	VTZ	DEL	5680
03-05-2015	AMD	HYD	4370
03-05-2015	BHO	HYD	5271
03-05-2015	BLR	HYD	1899
03-05-2015	BOM	HYD	2776
03-05-2015	CCU	HYD	5536
03-05-2015	DEL	HYD	4288
03-05-2015	LKO	HYD	3928
03-05-2015	VTZ	HYD	2072
03-05-2015	AMD	LKO	4821
03-05-2015	BHO	LKO	5271
03-05-2015	BLR	LKO	8786
03-05-2015	BOM	LKO	7022
03-05-2015	CCU	LKO	4854
03-05-2015	DEL	LKO	1651
03-05-2015	HYD	LKO	3903
03-05-2015	VTZ	LKO	9325
03-05-2015	AMD	VTZ	7046
03-05-2015	BHO	VTZ	8314
03-05-2015	BLR	VTZ	3014
03-05-2015	BOM	VTZ	4399
03-05-2015	CCU	VTZ	4854
03-05-2015	DEL	VTZ	5799
03-05-2015	HYD	VTZ	1889
03-05-2015	LKO	VTZ	8669
04-05-2015	BHO	AMD	4347
04-05-2015	BLR	AMD	3729
04-05-2015	BOM	AMD	1691
04-05-2015	CCU	AMD	6710
04-05-2015	DEL	AMD	3343
04-05-2015	HYD	AMD	3299
04-05-2015	LKO	AMD	5311
04-05-2015	VTZ	AMD	6523
04-05-2015	AMD	BHO	5395
04-05-2015	BLR	BHO	6342
04-05-2015	BOM	BHO	3559
04-05-2015	CCU	BHO	8366
04-05-2015	DEL	BHO	3802
04-05-2015	HYD	BHO	5185
04-05-2015	LKO	BHO	5626
04-05-2015	VTZ	BHO	8464
04-05-2015	AMD	BLR	4091
04-05-2015	BHO	BLR	6159
04-05-2015	BOM	BLR	1999
04-05-2015	CCU	BLR	6660
04-05-2015	DEL	BLR	6161
04-05-2015	HYD	BLR	1882
04-05-2015	LKO	BLR	8896
04-05-2015	VTZ	BLR	3543
04-05-2015	AMD	BOM	2092
04-05-2015	BHO	BOM	3224
04-05-2015	BLR	BOM	1924
04-05-2015	CCU	BOM	5744
04-05-2015	DEL	BOM	4275
04-05-2015	HYD	BOM	2355
04-05-2015	LKO	BOM	6779
04-05-2015	VTZ	BOM	4298
04-05-2015	AMD	CCU	8648
04-05-2015	BHO	CCU	7947
04-05-2015	BLR	CCU	6211
04-05-2015	BOM	CCU	4802
04-05-2015	DEL	CCU	5242
04-05-2015	HYD	CCU	5083
04-05-2015	LKO	CCU	4003
04-05-2015	VTZ	CCU	3745
04-05-2015	AMD	DEL	3356
04-05-2015	BHO	DEL	3690
04-05-2015	BLR	DEL	6250
04-05-2015	BOM	DEL	3265
04-05-2015	CCU	DEL	4900
04-05-2015	HYD	DEL	3608
04-05-2015	LKO	DEL	2735
04-05-2015	VTZ	DEL	5680
04-05-2015	AMD	HYD	3509
04-05-2015	BHO	HYD	5271
04-05-2015	BLR	HYD	1899
04-05-2015	BOM	HYD	2776
04-05-2015	CCU	HYD	5536
04-05-2015	DEL	HYD	3805
04-05-2015	LKO	HYD	3928
04-05-2015	VTZ	HYD	2072
04-05-2015	AMD	LKO	4821
04-05-2015	BHO	LKO	5271
04-05-2015	BLR	LKO	6582
04-05-2015	BOM	LKO	6759
04-05-2015	CCU	LKO	4014
04-05-2015	DEL	LKO	1651
04-05-2015	HYD	LKO	3903
04-05-2015	VTZ	LKO	8464
04-05-2015	AMD	VTZ	8174
04-05-2015	BHO	VTZ	8314
04-05-2015	BLR	VTZ	3014
04-05-2015	BOM	VTZ	4210
04-05-2015	CCU	VTZ	4014
04-05-2015	DEL	VTZ	5799
04-05-2015	HYD	VTZ	1889
04-05-2015	LKO	VTZ	8636
05-05-2015	BHO	AMD	5271
05-05-2015	BLR	AMD	3724
05-05-2015	BOM	AMD	1691
05-05-2015	CCU	AMD	6710
05-05-2015	DEL	AMD	3343
05-05-2015	HYD	AMD	3299
05-05-2015	LKO	AMD	5052
05-05-2015	VTZ	AMD	6217
05-05-2015	AMD	BHO	5395
05-05-2015	BLR	BHO	6342
05-05-2015	BOM	BHO	3559
05-05-2015	CCU	BHO	8366
05-05-2015	DEL	BHO	3802
05-05-2015	HYD	BHO	5185
05-05-2015	LKO	BHO	5626
05-05-2015	VTZ	BHO	8464
05-05-2015	AMD	BLR	4086
05-05-2015	BHO	BLR	6373
05-05-2015	BOM	BLR	1994
05-05-2015	CCU	BLR	6323
05-05-2015	DEL	BLR	5975
05-05-2015	HYD	BLR	1899
05-05-2015	LKO	BLR	7423
05-05-2015	VTZ	BLR	3543
05-05-2015	AMD	BOM	2092
05-05-2015	BHO	BOM	4064
05-05-2015	BLR	BOM	1919
05-05-2015	CCU	BOM	5744
05-05-2015	DEL	BOM	3045
05-05-2015	HYD	BOM	2355
05-05-2015	LKO	BOM	5883
05-05-2015	VTZ	BOM	4427
05-05-2015	AMD	CCU	8648
05-05-2015	BHO	CCU	7947
05-05-2015	BLR	CCU	6792
05-05-2015	BOM	CCU	4802
05-05-2015	DEL	CCU	4644
05-05-2015	HYD	CCU	4146
05-05-2015	LKO	CCU	4003
05-05-2015	VTZ	CCU	4585
05-05-2015	AMD	DEL	3356
05-05-2015	BHO	DEL	3690
05-05-2015	BLR	DEL	5001
05-05-2015	BOM	DEL	3265
05-05-2015	CCU	DEL	4900
05-05-2015	HYD	DEL	4002
05-05-2015	LKO	DEL	2374
05-05-2015	VTZ	DEL	5874
05-05-2015	AMD	HYD	3509
05-05-2015	BHO	HYD	5271
05-05-2015	BLR	HYD	1899
05-05-2015	BOM	HYD	2667
05-05-2015	CCU	HYD	5536
05-05-2015	DEL	HYD	3805
05-05-2015	LKO	HYD	3928
05-05-2015	VTZ	HYD	2072
05-05-2015	AMD	LKO	4821
05-05-2015	BHO	LKO	5271
05-05-2015	BLR	LKO	8467
05-05-2015	BOM	LKO	6755
05-05-2015	CCU	LKO	4014
05-05-2015	DEL	LKO	1651
05-05-2015	HYD	LKO	3903
05-05-2015	VTZ	LKO	8464
05-05-2015	AMD	VTZ	8055
05-05-2015	BHO	VTZ	8314
05-05-2015	BLR	VTZ	3014
05-05-2015	BOM	VTZ	4210
05-05-2015	CCU	VTZ	4014
05-05-2015	DEL	VTZ	5799
05-05-2015	HYD	VTZ	1889
05-05-2015	LKO	VTZ	8636
06-05-2015	BHO	AMD	5271
06-05-2015	BLR	AMD	3724
06-05-2015	BOM	AMD	1691
06-05-2015	CCU	AMD	6710
06-05-2015	DEL	AMD	3343
06-05-2015	HYD	AMD	3299
06-05-2015	LKO	AMD	5052
06-05-2015	VTZ	AMD	6217
06-05-2015	AMD	BHO	5395
06-05-2015	BLR	BHO	6342
06-05-2015	BOM	BHO	3559
06-05-2015	CCU	BHO	8366
06-05-2015	DEL	BHO	3802
06-05-2015	HYD	BHO	5185
06-05-2015	LKO	BHO	5626
06-05-2015	VTZ	BHO	8464
06-05-2015	AMD	BLR	3593
06-05-2015	BHO	BLR	6378
06-05-2015	BOM	BLR	1999
06-05-2015	CCU	BLR	6953
06-05-2015	DEL	BLR	5975
06-05-2015	HYD	BLR	1882
06-05-2015	LKO	BLR	7423
06-05-2015	VTZ	BLR	3543
06-05-2015	AMD	BOM	1594
06-05-2015	BHO	BOM	4064
06-05-2015	BLR	BOM	1919
06-05-2015	CCU	BOM	5744
06-05-2015	DEL	BOM	3045
06-05-2015	HYD	BOM	2355
06-05-2015	LKO	BOM	5566
06-05-2015	VTZ	BOM	4427
06-05-2015	AMD	CCU	6500
06-05-2015	BHO	CCU	7947
06-05-2015	BLR	CCU	6162
06-05-2015	BOM	CCU	4802
06-05-2015	DEL	CCU	4644
06-05-2015	HYD	CCU	5083
06-05-2015	LKO	CCU	4003
06-05-2015	VTZ	CCU	4585
06-05-2015	AMD	DEL	3356
06-05-2015	BHO	DEL	3690
06-05-2015	BLR	DEL	5001
06-05-2015	BOM	DEL	3265
06-05-2015	CCU	DEL	4900
06-05-2015	HYD	DEL	3608
06-05-2015	LKO	DEL	2374
06-05-2015	VTZ	DEL	4788
06-05-2015	AMD	HYD	3509
06-05-2015	BHO	HYD	5271
06-05-2015	BLR	HYD	1859
06-05-2015	BOM	HYD	2776
06-05-2015	CCU	HYD	5536
06-05-2015	DEL	HYD	3805
06-05-2015	LKO	HYD	3928
06-05-2015	VTZ	HYD	2072
06-05-2015	AMD	LKO	4821
06-05-2015	BHO	LKO	5271
06-05-2015	BLR	LKO	6582
06-05-2015	BOM	LKO	6414
06-05-2015	CCU	LKO	4014
06-05-2015	DEL	LKO	1651
06-05-2015	HYD	LKO	3903
06-05-2015	VTZ	LKO	8464
06-05-2015	AMD	VTZ	8170
06-05-2015	BHO	VTZ	8314
06-05-2015	BLR	VTZ	3014
06-05-2015	BOM	VTZ	4399
06-05-2015	CCU	VTZ	4014
06-05-2015	DEL	VTZ	5799
06-05-2015	HYD	VTZ	1889
06-05-2015	LKO	VTZ	8669
07-05-2015	BHO	AMD	4347
07-05-2015	BLR	AMD	3565
07-05-2015	BOM	AMD	1691
07-05-2015	CCU	AMD	6710
07-05-2015	DEL	AMD	3343
07-05-2015	HYD	AMD	3299
07-05-2015	LKO	AMD	3999
07-05-2015	VTZ	AMD	5263
07-05-2015	AMD	BHO	5395
07-05-2015	BLR	BHO	6342
07-05-2015	BOM	BHO	3559
07-05-2015	CCU	BHO	8366
07-05-2015	DEL	BHO	3802
07-05-2015	HYD	BHO	5185
07-05-2015	LKO	BHO	5626
07-05-2015	VTZ	BHO	8464
07-05-2015	AMD	BLR	3483
07-05-2015	BHO	BLR	5670
07-05-2015	BOM	BLR	1889
07-05-2015	CCU	BLR	7920
07-05-2015	DEL	BLR	6156
07-05-2015	HYD	BLR	1800
07-05-2015	LKO	BLR	7423
07-05-2015	VTZ	BLR	3164
07-05-2015	AMD	BOM	1594
07-05-2015	BHO	BOM	3224
07-05-2015	BLR	BOM	1760
07-05-2015	CCU	BOM	4824
07-05-2015	DEL	BOM	3045
07-05-2015	HYD	BOM	2355
07-05-2015	LKO	BOM	5678
07-05-2015	VTZ	BOM	4427
07-05-2015	AMD	CCU	6500
07-05-2015	BHO	CCU	7947
07-05-2015	BLR	CCU	6162
07-05-2015	BOM	CCU	4802
07-05-2015	DEL	CCU	4644
07-05-2015	HYD	CCU	5083
07-05-2015	LKO	CCU	4003
07-05-2015	VTZ	CCU	3745
07-05-2015	AMD	DEL	3356
07-05-2015	BHO	DEL	3690
07-05-2015	BLR	DEL	5001
07-05-2015	BOM	DEL	3265
07-05-2015	CCU	DEL	4900
07-05-2015	HYD	DEL	3608
07-05-2015	LKO	DEL	2374
07-05-2015	VTZ	DEL	4788
07-05-2015	AMD	HYD	3509
07-05-2015	BHO	HYD	5271
07-05-2015	BLR	HYD	1859
07-05-2015	BOM	HYD	2776
07-05-2015	CCU	HYD	5536
07-05-2015	DEL	HYD	3805
07-05-2015	LKO	HYD	3928
07-05-2015	VTZ	HYD	2072
07-05-2015	AMD	LKO	4821
07-05-2015	BHO	LKO	5271
07-05-2015	BLR	LKO	6582
07-05-2015	BOM	LKO	6414
07-05-2015	CCU	LKO	4014
07-05-2015	DEL	LKO	1599
07-05-2015	HYD	LKO	3903
07-05-2015	VTZ	LKO	8464
07-05-2015	AMD	VTZ	7751
07-05-2015	BHO	VTZ	8314
07-05-2015	BLR	VTZ	3459
07-05-2015	BOM	VTZ	4399
07-05-2015	CCU	VTZ	4014
07-05-2015	DEL	VTZ	5799
07-05-2015	HYD	VTZ	1889
07-05-2015	LKO	VTZ	8636
08-05-2015	BHO	AMD	4347
